#
# There is insufficient memory for the Java Runtime Environment to continue.
# Native memory allocation (malloc) failed to allocate 2129136 bytes for Chunk::new
# Possible reasons:
#   The system is out of physical RAM or swap space
#   The process is running with CompressedOops enabled, and the Java Heap may be blocking the growth of the native heap
# Possible solutions:
#   Reduce memory load on the system
#   Increase physical memory or swap space
#   Check if swap backing store is full
#   Decrease Java heap size (-Xmx/-Xms)
#   Decrease number of Java threads
#   Decrease Java thread stack sizes (-Xss)
#   Set larger code cache with -XX:ReservedCodeCacheSize=
#   JVM is running with Unscaled Compressed Oops mode in which the Java heap is
#     placed in the first 4GB address space. The Java Heap base address is the
#     maximum limit for the native heap growth. Please use -XX:HeapBaseMinAddress
#     to set the Java Heap base and to place the Java Heap above 4GB virtual address.
# This output file may be truncated or incomplete.
#
#  Out of Memory Error (arena.cpp:189), pid=1652, tid=32912
#
# JRE version: Java(TM) SE Runtime Environment (17.0.11+7) (build 17.0.11+7-LTS-207)
# Java VM: Java HotSpot(TM) 64-Bit Server VM (17.0.11+7-LTS-207, mixed mode, sharing, tiered, compressed oops, compressed class ptrs, g1 gc, windows-amd64)
# No core dump will be written. Minidumps are not enabled by default on client versions of Windows
#

---------------  S U M M A R Y ------------

Command Line: --add-opens=java.base/java.lang=ALL-UNNAMED --add-opens=java.base/java.lang.invoke=ALL-UNNAMED --add-opens=java.base/java.util=ALL-UNNAMED --add-opens=java.prefs/java.util.prefs=ALL-UNNAMED --add-exports=jdk.compiler/com.sun.tools.javac.api=ALL-UNNAMED --add-exports=jdk.compiler/com.sun.tools.javac.util=ALL-UNNAMED --add-opens=java.base/java.util=ALL-UNNAMED --add-opens=java.prefs/java.util.prefs=ALL-UNNAMED --add-opens=java.base/java.nio.charset=ALL-UNNAMED --add-opens=java.base/java.net=ALL-UNNAMED --add-opens=java.base/java.util.concurrent.atomic=ALL-UNNAMED --add-opens=java.xml/javax.xml.namespace=ALL-UNNAMED -XX:MaxMetaspaceSize=512m -XX:+HeapDumpOnOutOfMemoryError -Xmx2g -Dfile.encoding=UTF-8 -Duser.country=IN -Duser.language=en -Duser.variant -javaagent:C:\Users\rohit\.gradle\wrapper\dists\gradle-8.13-all\54h0s9kvb6g2sinako7ub77ku\gradle-8.13\lib\agents\gradle-instrumentation-agent-8.13.jar org.gradle.launcher.daemon.bootstrap.GradleDaemon 8.13

Host: 11th Gen Intel(R) Core(TM) i5-1135G7 @ 2.40GHz, 8 cores, 7G,  Windows 11 , 64 bit Build 26100 (10.0.26100.8875)
Time: Tue Jul 21 15:20:32 2026 India Standard Time elapsed time: 200.598396 seconds (0d 0h 3m 20s)

---------------  T H R E A D  ---------------

Current thread (0x000001fbe1e3ba40):  JavaThread "C2 CompilerThread0" daemon [_thread_in_native, id=32912, stack(0x000000a3a4500000,0x000000a3a4600000)]


Current CompileTask:
C2: 200598 18115   !   4       org.gradle.internal.metaobject.BeanDynamicObject$MetaClassAdapter::getProperty (216 bytes)

Stack: [0x000000a3a4500000,0x000000a3a4600000]
Native frames: (J=compiled Java code, j=interpreted, Vv=VM code, C=native code)
V  [jvm.dll+0x679cca]
V  [jvm.dll+0x7da13d]
V  [jvm.dll+0x7dba83]
V  [jvm.dll+0x7dc0f3]
V  [jvm.dll+0x2449af]
V  [jvm.dll+0xab83b]
V  [jvm.dll+0xabe1c]
V  [jvm.dll+0x36155f]
V  [jvm.dll+0x32bd61]
V  [jvm.dll+0x32b1fa]
V  [jvm.dll+0x2161df]
V  [jvm.dll+0x21560f]
V  [jvm.dll+0x1a2040]
V  [jvm.dll+0x225a2b]
V  [jvm.dll+0x223bcb]
V  [jvm.dll+0x7903ec]
V  [jvm.dll+0x78a85a]
V  [jvm.dll+0x678bb5]
C  [ucrtbase.dll+0x2cd30]
C  [KERNEL32.DLL+0x2e957]
C  [ntdll.dll+0xaad6c]


---------------  P R O C E S S  ---------------

Threads class SMR info:
_java_thread_list=0x000001fb8c88c270, length=149, elements={
0x000001fbc3c39aa0, 0x000001fbe1e240a0, 0x000001fbe1e256e0, 0x000001fbe1e3a180,
0x000001fbe1e3aa50, 0x000001fbe1e3ded0, 0x000001fbe1e3e7a0, 0x000001fbe1e3ba40,
0x000001fbe1e3ec80, 0x000001fbe1e4f490, 0x000001fbfd0d0d70, 0x000001fbfd1f0c70,
0x000001fbfe249110, 0x000001fbfd057440, 0x000001fbfe95ea90, 0x000001fbfd5432f0,
0x000001fbfe955ef0, 0x000001fbfe8140d0, 0x000001fbfe8145e0, 0x000001fbfe813bc0,
0x000001fbfe815f30, 0x000001fbfe8131a0, 0x000001fbfe814af0, 0x000001fbfe815000,
0x000001fbfe815510, 0x000001fbfe815a20, 0x000001fbfe816440, 0x000001fbfe8136b0,
0x000001fb84863360, 0x000001fb84863870, 0x000001fb84862e50, 0x000001fb848656d0,
0x000001fb84867530, 0x000001fb84863d80, 0x000001fb848660f0, 0x000001fb84867a40,
0x000001fb84867020, 0x000001fb84864290, 0x000001fb84867f50, 0x000001fb84868460,
0x000001fb8486a7d0, 0x000001fb84868970, 0x000001fb84868e80, 0x000001fb84869390,
0x000001fb84869db0, 0x000001fb848698a0, 0x000001fb8486a2c0, 0x000001fb845a4d10,
0x000001fb845a29a0, 0x000001fb845a3de0, 0x000001fb845a2490, 0x000001fb845a4800,
0x000001fb845a5730, 0x000001fb845a38d0, 0x000001fb845a2eb0, 0x000001fb845a42f0,
0x000001fb845a33c0, 0x000001fb845a5220, 0x000001fb845a1f80, 0x000001fb845a8ee0,
0x000001fb845a89d0, 0x000001fb845a7fb0, 0x000001fb845a6b70, 0x000001fb845a93f0,
0x000001fb845a5c40, 0x000001fb845a84c0, 0x000001fb845a6150, 0x000001fb845a6660,
0x000001fb845a7590, 0x000001fb845a7aa0, 0x000001fb860023b0, 0x000001fb86001480,
0x000001fb86000f70, 0x000001fb860028c0, 0x000001fb86002dd0, 0x000001fb86004720,
0x000001fb86004210, 0x000001fb86001990, 0x000001fb86004c30, 0x000001fb860032e0,
0x000001fb86005650, 0x000001fb86003d00, 0x000001fb860037f0, 0x000001fb86005140,
0x000001fb86001ea0, 0x000001fb86006580, 0x000001fb86006a90, 0x000001fb86006fa0,
0x000001fb86005b60, 0x000001fb860074b0, 0x000001fb86006070, 0x000001fb86007ed0,
0x000001fb860079c0, 0x000001fb860083e0, 0x000001fb860088f0, 0x000001fb8661c090,
0x000001fb866188e0, 0x000001fb86618df0, 0x000001fb8661c5a0, 0x000001fb86619d20,
0x000001fb8661ac50, 0x000001fb8661d9e0, 0x000001fb8661d4d0, 0x000001fb8661b670,
0x000001fb8661def0, 0x000001fb8661e910, 0x000001fb8661e400, 0x000001fb8661b160,
0x000001fb86620260, 0x000001fb8661f330, 0x000001fb8661ee20, 0x000001fb8661f840,
0x000001fb8661fd50, 0x000001fb86df98e0, 0x000001fb86df93d0, 0x000001fb86df8ec0,
0x000001fb86dfa300, 0x000001fb86dfa810, 0x000001fb86df9df0, 0x000001fb86df7060,
0x000001fb86df7570, 0x000001fb86df7a80, 0x000001fb86df7f90, 0x000001fb86df84a0,
0x000001fb86df89b0, 0x000001fb84fe8d30, 0x000001fb84fe9240, 0x000001fb84fe6ed0,
0x000001fb84fea170, 0x000001fb84fe69c0, 0x000001fb84fea680, 0x000001fb84fe73e0,
0x000001fb84fe9750, 0x000001fb84fe78f0, 0x000001fb84fe9c60, 0x000001fb84feb0a0,
0x000001fb84febac0, 0x000001fb84febfd0, 0x000001fb84fed410, 0x000001fb84fec4e0,
0x000001fb84fec9f0, 0x000001fb84fecf00, 0x000001fb8661a230, 0x000001fb8661a740,
0x000001fb843a3f70, 0x000001fb843a2b30, 0x000001fb843a2620, 0x000001fb843a0cd0,
0x000001fb843a11e0
}

Java Threads: ( => current thread )
  0x000001fbc3c39aa0 JavaThread "main" [_thread_blocked, id=13188, stack(0x000000a3a3800000,0x000000a3a3900000)]
  0x000001fbe1e240a0 JavaThread "Reference Handler" daemon [_thread_blocked, id=2636, stack(0x000000a3a3f00000,0x000000a3a4000000)]
  0x000001fbe1e256e0 JavaThread "Finalizer" daemon [_thread_blocked, id=19436, stack(0x000000a3a4000000,0x000000a3a4100000)]
  0x000001fbe1e3a180 JavaThread "Signal Dispatcher" daemon [_thread_blocked, id=33872, stack(0x000000a3a4100000,0x000000a3a4200000)]
  0x000001fbe1e3aa50 JavaThread "Attach Listener" daemon [_thread_blocked, id=22840, stack(0x000000a3a4200000,0x000000a3a4300000)]
  0x000001fbe1e3ded0 JavaThread "Service Thread" daemon [_thread_blocked, id=784, stack(0x000000a3a4300000,0x000000a3a4400000)]
  0x000001fbe1e3e7a0 JavaThread "Monitor Deflation Thread" daemon [_thread_blocked, id=20840, stack(0x000000a3a4400000,0x000000a3a4500000)]
=>0x000001fbe1e3ba40 JavaThread "C2 CompilerThread0" daemon [_thread_in_native, id=32912, stack(0x000000a3a4500000,0x000000a3a4600000)]
  0x000001fbe1e3ec80 JavaThread "C1 CompilerThread0" daemon [_thread_blocked, id=17352, stack(0x000000a3a4600000,0x000000a3a4700000)]
  0x000001fbe1e4f490 JavaThread "Sweeper thread" daemon [_thread_blocked, id=17124, stack(0x000000a3a4700000,0x000000a3a4800000)]
  0x000001fbfd0d0d70 JavaThread "Common-Cleaner" daemon [_thread_blocked, id=33060, stack(0x000000a3a4800000,0x000000a3a4900000)]
  0x000001fbfd1f0c70 JavaThread "Notification Thread" daemon [_thread_blocked, id=34184, stack(0x000000a3a4900000,0x000000a3a4a00000)]
  0x000001fbfe249110 JavaThread "Daemon health stats" [_thread_blocked, id=34564, stack(0x000000a3a4f00000,0x000000a3a5000000)]
  0x000001fbfd057440 JavaThread "Incoming local TCP Connector on port 59121" [_thread_in_native, id=20640, stack(0x000000a3a5000000,0x000000a3a5100000)]
  0x000001fbfe95ea90 JavaThread "Daemon periodic checks" [_thread_blocked, id=11628, stack(0x000000a3a5100000,0x000000a3a5200000)]
  0x000001fbfd5432f0 JavaThread "Daemon" [_thread_blocked, id=3124, stack(0x000000a3a5200000,0x000000a3a5300000)]
  0x000001fbfe955ef0 JavaThread "Handler for socket connection from /127.0.0.1:59121 to /127.0.0.1:59122" [_thread_in_native, id=1872, stack(0x000000a3a5300000,0x000000a3a5400000)]
  0x000001fbfe8140d0 JavaThread "Cancel handler" [_thread_blocked, id=7360, stack(0x000000a3a5400000,0x000000a3a5500000)]
  0x000001fbfe8145e0 JavaThread "Daemon worker" [_thread_in_native, id=32736, stack(0x000000a3a5500000,0x000000a3a5600000)]
  0x000001fbfe813bc0 JavaThread "Asynchronous log dispatcher for DefaultDaemonConnection: socket connection from /127.0.0.1:59121 to /127.0.0.1:59122" [_thread_blocked, id=11744, stack(0x000000a3a5600000,0x000000a3a5700000)]
  0x000001fbfe815f30 JavaThread "Stdin handler" [_thread_blocked, id=11988, stack(0x000000a3a5700000,0x000000a3a5800000)]
  0x000001fbfe8131a0 JavaThread "Daemon client event forwarder" [_thread_blocked, id=13048, stack(0x000000a3a5800000,0x000000a3a5900000)]
  0x000001fbfe814af0 JavaThread "Cache worker for journal cache (C:\Users\rohit\.gradle\caches\journal-1)" [_thread_blocked, id=14160, stack(0x000000a3a5900000,0x000000a3a5a00000)]
  0x000001fbfe815000 JavaThread "File lock request listener" [_thread_in_native, id=2576, stack(0x000000a3a5a00000,0x000000a3a5b00000)]
  0x000001fbfe815510 JavaThread "Cache worker for file hash cache (C:\Users\rohit\.gradle\caches\8.13\fileHashes)" [_thread_blocked, id=19616, stack(0x000000a3a5b00000,0x000000a3a5c00000)]
  0x000001fbfe815a20 JavaThread "File lock release action executor" [_thread_blocked, id=364, stack(0x000000a3a5f00000,0x000000a3a6000000)]
  0x000001fbfe816440 JavaThread "Cache worker for file hash cache (C:\Users\rohit\aparna\Biz\BizConsultancyApp\android\.gradle\8.13\fileHashes)" [_thread_blocked, id=13488, stack(0x000000a3a6100000,0x000000a3a6200000)]
  0x000001fbfe8136b0 JavaThread "Cache worker for Build Output Cleanup Cache (C:\Users\rohit\aparna\Biz\BizConsultancyApp\android\.gradle\buildOutputCleanup)" [_thread_blocked, id=20092, stack(0x000000a3a6200000,0x000000a3a6300000)]
  0x000001fb84863360 JavaThread "File watcher server" daemon [_thread_in_native, id=22456, stack(0x000000a3a6300000,0x000000a3a6400000)]
  0x000001fb84863870 JavaThread "File watcher consumer" daemon [_thread_blocked, id=16700, stack(0x000000a3a6400000,0x000000a3a6500000)]
  0x000001fb84862e50 JavaThread "jar transforms" [_thread_blocked, id=27500, stack(0x000000a3a6600000,0x000000a3a6700000)]
  0x000001fb848656d0 JavaThread "Cache worker for checksums cache (C:\Users\rohit\aparna\Biz\BizConsultancyApp\android\.gradle\8.13\checksums)" [_thread_blocked, id=25332, stack(0x000000a3a6700000,0x000000a3a6800000)]
  0x000001fb84867530 JavaThread "Cache worker for file content cache (C:\Users\rohit\.gradle\caches\8.13\fileContent)" [_thread_blocked, id=34680, stack(0x000000a3a6800000,0x000000a3a6900000)]
  0x000001fb84863d80 JavaThread "Cache worker for cache directory md-supplier (C:\Users\rohit\.gradle\caches\8.13\md-supplier)" [_thread_blocked, id=18108, stack(0x000000a3a6b00000,0x000000a3a6c00000)]
  0x000001fb848660f0 JavaThread "Cache worker for cache directory md-rule (C:\Users\rohit\.gradle\caches\8.13\md-rule)" [_thread_blocked, id=7368, stack(0x000000a3a6c00000,0x000000a3a6d00000)]
  0x000001fb84867a40 JavaThread "Cache worker for Build Output Cleanup Cache (C:\Users\rohit\aparna\Biz\BizConsultancyApp\node_modules\@react-native\gradle-plugin\.gradle\buildOutputCleanup)" [_thread_blocked, id=21312, stack(0x000000a3a6d00000,0x000000a3a6e00000)]
  0x000001fb84867020 JavaThread "Unconstrained build operations" [_thread_blocked, id=12284, stack(0x000000a3a6e00000,0x000000a3a6f00000)]
  0x000001fb84864290 JavaThread "Unconstrained build operations Thread 2" [_thread_blocked, id=22632, stack(0x000000a3a6f00000,0x000000a3a7000000)]
  0x000001fb84867f50 JavaThread "Unconstrained build operations Thread 3" [_thread_blocked, id=3808, stack(0x000000a3a7000000,0x000000a3a7100000)]
  0x000001fb84868460 JavaThread "Unconstrained build operations Thread 4" [_thread_blocked, id=6568, stack(0x000000a3a7100000,0x000000a3a7200000)]
  0x000001fb8486a7d0 JavaThread "Unconstrained build operations Thread 5" [_thread_blocked, id=13532, stack(0x000000a3a7200000,0x000000a3a7300000)]
  0x000001fb84868970 JavaThread "Unconstrained build operations Thread 6" [_thread_blocked, id=16732, stack(0x000000a3a7300000,0x000000a3a7400000)]
  0x000001fb84868e80 JavaThread "Cache worker for Build Output Cleanup Cache (C:\Users\rohit\aparna\Biz\BizConsultancyApp\node_modules\expo-modules-autolinking\android\expo-gradle-plugin\.gradle\buildOutputCleanup)" [_thread_blocked, id=6228, stack(0x000000a3a7400000,0x000000a3a7500000)]
  0x000001fb84869390 JavaThread "Unconstrained build operations Thread 7" [_thread_blocked, id=5464, stack(0x000000a3a7700000,0x000000a3a7800000)]
  0x000001fb84869db0 JavaThread "Unconstrained build operations Thread 8" [_thread_blocked, id=26944, stack(0x000000a3a7800000,0x000000a3a7900000)]
  0x000001fb848698a0 JavaThread "Unconstrained build operations Thread 9" [_thread_blocked, id=17416, stack(0x000000a3a7900000,0x000000a3a7a00000)]
  0x000001fb8486a2c0 JavaThread "Unconstrained build operations Thread 10" [_thread_blocked, id=33436, stack(0x000000a3a7a00000,0x000000a3a7b00000)]
  0x000001fb845a4d10 JavaThread "Unconstrained build operations Thread 11" [_thread_blocked, id=17292, stack(0x000000a3a7b00000,0x000000a3a7c00000)]
  0x000001fb845a29a0 JavaThread "Unconstrained build operations Thread 12" [_thread_blocked, id=15520, stack(0x000000a3a7c00000,0x000000a3a7d00000)]
  0x000001fb845a3de0 JavaThread "Unconstrained build operations Thread 13" [_thread_blocked, id=34168, stack(0x000000a3a7d00000,0x000000a3a7e00000)]
  0x000001fb845a2490 JavaThread "Unconstrained build operations Thread 14" [_thread_blocked, id=34516, stack(0x000000a3a7e00000,0x000000a3a7f00000)]
  0x000001fb845a4800 JavaThread "Unconstrained build operations Thread 15" [_thread_blocked, id=10568, stack(0x000000a3a7f00000,0x000000a3a8000000)]
  0x000001fb845a5730 JavaThread "Unconstrained build operations Thread 16" [_thread_blocked, id=34336, stack(0x000000a3a8000000,0x000000a3a8100000)]
  0x000001fb845a38d0 JavaThread "Unconstrained build operations Thread 17" [_thread_blocked, id=27104, stack(0x000000a3a8100000,0x000000a3a8200000)]
  0x000001fb845a2eb0 JavaThread "Unconstrained build operations Thread 18" [_thread_blocked, id=22532, stack(0x000000a3a8200000,0x000000a3a8300000)]
  0x000001fb845a42f0 JavaThread "Unconstrained build operations Thread 19" [_thread_blocked, id=11620, stack(0x000000a3a8300000,0x000000a3a8400000)]
  0x000001fb845a33c0 JavaThread "Unconstrained build operations Thread 20" [_thread_blocked, id=34592, stack(0x000000a3a8400000,0x000000a3a8500000)]
  0x000001fb845a5220 JavaThread "Unconstrained build operations Thread 21" [_thread_blocked, id=26424, stack(0x000000a3a8500000,0x000000a3a8600000)]
  0x000001fb845a1f80 JavaThread "Unconstrained build operations Thread 22" [_thread_blocked, id=6872, stack(0x000000a3a8600000,0x000000a3a8700000)]
  0x000001fb845a8ee0 JavaThread "Unconstrained build operations Thread 23" [_thread_blocked, id=13656, stack(0x000000a3a8700000,0x000000a3a8800000)]
  0x000001fb845a89d0 JavaThread "Unconstrained build operations Thread 24" [_thread_blocked, id=14372, stack(0x000000a3a8800000,0x000000a3a8900000)]
  0x000001fb845a7fb0 JavaThread "Unconstrained build operations Thread 25" [_thread_blocked, id=14348, stack(0x000000a3a8900000,0x000000a3a8a00000)]
  0x000001fb845a6b70 JavaThread "Unconstrained build operations Thread 26" [_thread_blocked, id=34348, stack(0x000000a3a8a00000,0x000000a3a8b00000)]
  0x000001fb845a93f0 JavaThread "Unconstrained build operations Thread 27" [_thread_blocked, id=23248, stack(0x000000a3a8b00000,0x000000a3a8c00000)]
  0x000001fb845a5c40 JavaThread "build event listener" [_thread_blocked, id=17244, stack(0x000000a3a8c00000,0x000000a3a8d00000)]
  0x000001fb845a84c0 JavaThread "Memory manager" [_thread_blocked, id=19872, stack(0x000000a3a8d00000,0x000000a3a8e00000)]
  0x000001fb845a6150 JavaThread "Unconstrained build operations Thread 28" [_thread_blocked, id=32524, stack(0x000000a3a8e00000,0x000000a3a8f00000)]
  0x000001fb845a6660 JavaThread "Unconstrained build operations Thread 29" [_thread_blocked, id=34316, stack(0x000000a3a8f00000,0x000000a3a9000000)]
  0x000001fb845a7590 JavaThread "Unconstrained build operations Thread 30" [_thread_blocked, id=18612, stack(0x000000a3a9000000,0x000000a3a9100000)]
  0x000001fb845a7aa0 JavaThread "Unconstrained build operations Thread 31" [_thread_blocked, id=34148, stack(0x000000a3a9100000,0x000000a3a9200000)]
  0x000001fb860023b0 JavaThread "Unconstrained build operations Thread 32" [_thread_blocked, id=19956, stack(0x000000a3a9200000,0x000000a3a9300000)]
  0x000001fb86001480 JavaThread "Unconstrained build operations Thread 33" [_thread_blocked, id=12116, stack(0x000000a3a9300000,0x000000a3a9400000)]
  0x000001fb86000f70 JavaThread "Unconstrained build operations Thread 34" [_thread_blocked, id=18008, stack(0x000000a3a9400000,0x000000a3a9500000)]
  0x000001fb860028c0 JavaThread "build event listener" [_thread_blocked, id=824, stack(0x000000a3a9500000,0x000000a3a9600000)]
  0x000001fb86002dd0 JavaThread "Unconstrained build operations Thread 35" [_thread_blocked, id=21188, stack(0x000000a3a3500000,0x000000a3a3600000)]
  0x000001fb86004720 JavaThread "Unconstrained build operations Thread 36" [_thread_blocked, id=28656, stack(0x000000a3a3600000,0x000000a3a3700000)]
  0x000001fb86004210 JavaThread "Unconstrained build operations Thread 37" [_thread_blocked, id=11732, stack(0x000000a3a3700000,0x000000a3a3800000)]
  0x000001fb86001990 JavaThread "Unconstrained build operations Thread 38" [_thread_blocked, id=7724, stack(0x000000a3a9600000,0x000000a3a9700000)]
  0x000001fb86004c30 JavaThread "Unconstrained build operations Thread 39" [_thread_blocked, id=24432, stack(0x000000a3a9700000,0x000000a3a9800000)]
  0x000001fb860032e0 JavaThread "Unconstrained build operations Thread 40" [_thread_blocked, id=16192, stack(0x000000a3a9800000,0x000000a3a9900000)]
  0x000001fb86005650 JavaThread "Unconstrained build operations Thread 41" [_thread_blocked, id=20832, stack(0x000000a3a9900000,0x000000a3a9a00000)]
  0x000001fb86003d00 JavaThread "Unconstrained build operations Thread 42" [_thread_blocked, id=34112, stack(0x000000a3a9a00000,0x000000a3a9b00000)]
  0x000001fb860037f0 JavaThread "Unconstrained build operations Thread 43" [_thread_blocked, id=288, stack(0x000000a3a9b00000,0x000000a3a9c00000)]
  0x000001fb86005140 JavaThread "Unconstrained build operations Thread 44" [_thread_blocked, id=11856, stack(0x000000a3a9c00000,0x000000a3a9d00000)]
  0x000001fb86001ea0 JavaThread "Unconstrained build operations Thread 45" [_thread_blocked, id=11724, stack(0x000000a3a9d00000,0x000000a3a9e00000)]
  0x000001fb86006580 JavaThread "Unconstrained build operations Thread 46" [_thread_blocked, id=33184, stack(0x000000a3a9e00000,0x000000a3a9f00000)]
  0x000001fb86006a90 JavaThread "Unconstrained build operations Thread 47" [_thread_blocked, id=21780, stack(0x000000a3a9f00000,0x000000a3aa000000)]
  0x000001fb86006fa0 JavaThread "Unconstrained build operations Thread 48" [_thread_blocked, id=34752, stack(0x000000a3aa000000,0x000000a3aa100000)]
  0x000001fb86005b60 JavaThread "Unconstrained build operations Thread 49" [_thread_blocked, id=34556, stack(0x000000a3aa100000,0x000000a3aa200000)]
  0x000001fb860074b0 JavaThread "Unconstrained build operations Thread 50" [_thread_blocked, id=21676, stack(0x000000a3aa200000,0x000000a3aa300000)]
  0x000001fb86006070 JavaThread "Unconstrained build operations Thread 51" [_thread_blocked, id=32976, stack(0x000000a3aa300000,0x000000a3aa400000)]
  0x000001fb86007ed0 JavaThread "Unconstrained build operations Thread 52" [_thread_blocked, id=1352, stack(0x000000a3aa400000,0x000000a3aa500000)]
  0x000001fb860079c0 JavaThread "Unconstrained build operations Thread 53" [_thread_blocked, id=11444, stack(0x000000a3aa500000,0x000000a3aa600000)]
  0x000001fb860083e0 JavaThread "Unconstrained build operations Thread 54" [_thread_blocked, id=4800, stack(0x000000a3aa600000,0x000000a3aa700000)]
  0x000001fb860088f0 JavaThread "Unconstrained build operations Thread 55" [_thread_blocked, id=19588, stack(0x000000a3aa700000,0x000000a3aa800000)]
  0x000001fb8661c090 JavaThread "ForkJoinPool.commonPool-worker-3" daemon [_thread_blocked, id=10256, stack(0x000000a3aaa00000,0x000000a3aab00000)]
  0x000001fb866188e0 JavaThread "ForkJoinPool.commonPool-worker-4" daemon [_thread_blocked, id=23716, stack(0x000000a3aab00000,0x000000a3aac00000)]
  0x000001fb86618df0 JavaThread "ForkJoinPool.commonPool-worker-5" daemon [_thread_blocked, id=21480, stack(0x000000a3aac00000,0x000000a3aad00000)]
  0x000001fb8661c5a0 JavaThread "ForkJoinPool.commonPool-worker-6" daemon [_thread_blocked, id=33024, stack(0x000000a3aad00000,0x000000a3aae00000)]
  0x000001fb86619d20 JavaThread "ForkJoinPool.commonPool-worker-7" daemon [_thread_blocked, id=14776, stack(0x000000a3aae00000,0x000000a3aaf00000)]
  0x000001fb8661ac50 JavaThread "Execution worker" [_thread_blocked, id=7328, stack(0x000000a3ab400000,0x000000a3ab500000)]
  0x000001fb8661d9e0 JavaThread "Execution worker Thread 2" [_thread_blocked, id=26828, stack(0x000000a3ab500000,0x000000a3ab600000)]
  0x000001fb8661d4d0 JavaThread "Execution worker Thread 3" [_thread_blocked, id=3016, stack(0x000000a3ab600000,0x000000a3ab700000)]
  0x000001fb8661b670 JavaThread "Execution worker Thread 4" [_thread_blocked, id=2996, stack(0x000000a3ab700000,0x000000a3ab800000)]
  0x000001fb8661def0 JavaThread "Execution worker Thread 5" [_thread_blocked, id=24756, stack(0x000000a3ab800000,0x000000a3ab900000)]
  0x000001fb8661e910 JavaThread "Execution worker Thread 6" [_thread_blocked, id=22264, stack(0x000000a3ab900000,0x000000a3aba00000)]
  0x000001fb8661e400 JavaThread "Execution worker Thread 7" [_thread_blocked, id=15248, stack(0x000000a3aba00000,0x000000a3abb00000)]
  0x000001fb8661b160 JavaThread "Cache worker for execution history cache (C:\Users\rohit\aparna\Biz\BizConsultancyApp\node_modules\@react-native\gradle-plugin\.gradle\8.13\executionHistory)" [_thread_blocked, id=25376, stack(0x000000a3abb00000,0x000000a3abc00000)]
  0x000001fb86620260 JavaThread "Cache worker for execution history cache (C:\Users\rohit\aparna\Biz\BizConsultancyApp\node_modules\expo-modules-autolinking\android\expo-gradle-plugin\.gradle\8.13\executionHistory)" [_thread_blocked, id=17528, stack(0x000000a3abc00000,0x000000a3abd00000)]
  0x000001fb8661f330 JavaThread "Unconstrained build operations Thread 56" [_thread_blocked, id=33640, stack(0x000000a3abd00000,0x000000a3abe00000)]
  0x000001fb8661ee20 JavaThread "Unconstrained build operations Thread 57" [_thread_blocked, id=1656, stack(0x000000a3abe00000,0x000000a3abf00000)]
  0x000001fb8661f840 JavaThread "Unconstrained build operations Thread 58" [_thread_blocked, id=15008, stack(0x000000a3abf00000,0x000000a3ac000000)]
  0x000001fb8661fd50 JavaThread "Unconstrained build operations Thread 59" [_thread_blocked, id=12192, stack(0x000000a3ac000000,0x000000a3ac100000)]
  0x000001fb86df98e0 JavaThread "Unconstrained build operations Thread 60" [_thread_blocked, id=23748, stack(0x000000a3ac100000,0x000000a3ac200000)]
  0x000001fb86df93d0 JavaThread "Unconstrained build operations Thread 61" [_thread_blocked, id=33964, stack(0x000000a3ac200000,0x000000a3ac300000)]
  0x000001fb86df8ec0 JavaThread "Unconstrained build operations Thread 62" [_thread_blocked, id=17000, stack(0x000000a3ac300000,0x000000a3ac400000)]
  0x000001fb86dfa300 JavaThread "Unconstrained build operations Thread 63" [_thread_blocked, id=2748, stack(0x000000a3ac400000,0x000000a3ac500000)]
  0x000001fb86dfa810 JavaThread "Unconstrained build operations Thread 64" [_thread_blocked, id=23020, stack(0x000000a3ac500000,0x000000a3ac600000)]
  0x000001fb86df9df0 JavaThread "Unconstrained build operations Thread 65" [_thread_blocked, id=2216, stack(0x000000a3ac600000,0x000000a3ac700000)]
  0x000001fb86df7060 JavaThread "Unconstrained build operations Thread 66" [_thread_blocked, id=19856, stack(0x000000a3ac700000,0x000000a3ac800000)]
  0x000001fb86df7570 JavaThread "Unconstrained build operations Thread 67" [_thread_blocked, id=22968, stack(0x000000a3ac800000,0x000000a3ac900000)]
  0x000001fb86df7a80 JavaThread "Unconstrained build operations Thread 68" [_thread_blocked, id=25644, stack(0x000000a3ac900000,0x000000a3aca00000)]
  0x000001fb86df7f90 JavaThread "Unconstrained build operations Thread 69" [_thread_blocked, id=21516, stack(0x000000a3aca00000,0x000000a3acb00000)]
  0x000001fb86df84a0 JavaThread "Unconstrained build operations Thread 70" [_thread_blocked, id=18556, stack(0x000000a3acb00000,0x000000a3acc00000)]
  0x000001fb86df89b0 JavaThread "Unconstrained build operations Thread 71" [_thread_blocked, id=32840, stack(0x000000a3acc00000,0x000000a3acd00000)]
  0x000001fb84fe8d30 JavaThread "Unconstrained build operations Thread 72" [_thread_blocked, id=27244, stack(0x000000a3acd00000,0x000000a3ace00000)]
  0x000001fb84fe9240 JavaThread "Unconstrained build operations Thread 73" [_thread_blocked, id=23428, stack(0x000000a3ace00000,0x000000a3acf00000)]
  0x000001fb84fe6ed0 JavaThread "Unconstrained build operations Thread 74" [_thread_blocked, id=3112, stack(0x000000a3acf00000,0x000000a3ad000000)]
  0x000001fb84fea170 JavaThread "Unconstrained build operations Thread 75" [_thread_blocked, id=33908, stack(0x000000a3ad000000,0x000000a3ad100000)]
  0x000001fb84fe69c0 JavaThread "Unconstrained build operations Thread 76" [_thread_blocked, id=22172, stack(0x000000a3ad100000,0x000000a3ad200000)]
  0x000001fb84fea680 JavaThread "Unconstrained build operations Thread 77" [_thread_blocked, id=21164, stack(0x000000a3ad200000,0x000000a3ad300000)]
  0x000001fb84fe73e0 JavaThread "Unconstrained build operations Thread 78" [_thread_blocked, id=27068, stack(0x000000a3ad300000,0x000000a3ad400000)]
  0x000001fb84fe9750 JavaThread "Unconstrained build operations Thread 79" [_thread_blocked, id=10428, stack(0x000000a3ad400000,0x000000a3ad500000)]
  0x000001fb84fe78f0 JavaThread "Unconstrained build operations Thread 80" [_thread_blocked, id=17672, stack(0x000000a3ad500000,0x000000a3ad600000)]
  0x000001fb84fe9c60 JavaThread "jar transforms Thread 2" [_thread_blocked, id=24804, stack(0x000000a3ad600000,0x000000a3ad700000)]
  0x000001fb84feb0a0 JavaThread "Cache worker for Build Output Cleanup Cache (C:\Users\rohit\aparna\Biz\BizConsultancyApp\node_modules\expo-modules-core\expo-module-gradle-plugin\.gradle\buildOutputCleanup)" [_thread_blocked, id=19380, stack(0x000000a3ad700000,0x000000a3ad800000)]
  0x000001fb84febac0 JavaThread "build event listener" [_thread_blocked, id=14224, stack(0x000000a3ad800000,0x000000a3ad900000)]
  0x000001fb84febfd0 JavaThread "jar transforms Thread 3" [_thread_blocked, id=14304, stack(0x000000a3ad900000,0x000000a3ada00000)]
  0x000001fb84fed410 JavaThread "Cache worker for execution history cache (C:\Users\rohit\aparna\Biz\BizConsultancyApp\node_modules\expo-modules-core\expo-module-gradle-plugin\.gradle\8.13\executionHistory)" [_thread_blocked, id=20636, stack(0x000000a3aaf00000,0x000000a3ab000000)]
  0x000001fb84fec4e0 JavaThread "jar transforms Thread 4" [_thread_blocked, id=34088, stack(0x000000a3a7500000,0x000000a3a7600000)]
  0x000001fb84fec9f0 JavaThread "jar transforms Thread 5" [_thread_blocked, id=32772, stack(0x000000a3a7600000,0x000000a3a7700000)]
  0x000001fb84fecf00 JavaThread "jar transforms Thread 6" [_thread_blocked, id=18124, stack(0x000000a3ab000000,0x000000a3ab100000)]
  0x000001fb8661a230 JavaThread "build event listener" [_thread_blocked, id=32972, stack(0x000000a3ab100000,0x000000a3ab200000)]
  0x000001fb8661a740 JavaThread "Problems report writer" [_thread_blocked, id=34140, stack(0x000000a3ada00000,0x000000a3adb00000)]
  0x000001fb843a3f70 JavaThread "jar transforms Thread 7" [_thread_blocked, id=16408, stack(0x000000a3adc00000,0x000000a3add00000)]
  0x000001fb843a2b30 JavaThread "jar transforms Thread 8" [_thread_blocked, id=33176, stack(0x000000a3adb00000,0x000000a3adc00000)]
  0x000001fb843a2620 JavaThread "Exec process Thread 4" [_thread_blocked, id=34704, stack(0x000000a3a6500000,0x000000a3a6600000)]
  0x000001fb843a0cd0 JavaThread "Exec process Thread 5" [_thread_blocked, id=11060, stack(0x000000a3aa800000,0x000000a3aa900000)]
  0x000001fb843a11e0 JavaThread "Exec process Thread 6" [_thread_blocked, id=21396, stack(0x000000a3add00000,0x000000a3ade00000)]

Other Threads:
  0x000001fbe1e1b820 VMThread "VM Thread" [stack: 0x000000a3a3e00000,0x000000a3a3f00000] [id=20140]
  0x000001fbc3c3bb40 WatcherThread [stack: 0x000000a3a4a00000,0x000000a3a4b00000] [id=34756]
  0x000001fbc3c97460 GCTaskThread "GC Thread#0" [stack: 0x000000a3a3900000,0x000000a3a3a00000] [id=9176]
  0x000001fbfd3c2ba0 GCTaskThread "GC Thread#1" [stack: 0x000000a3a4b00000,0x000000a3a4c00000] [id=10624]
  0x000001fbfd3c3a00 GCTaskThread "GC Thread#2" [stack: 0x000000a3a4c00000,0x000000a3a4d00000] [id=13264]
  0x000001fbfdd47170 GCTaskThread "GC Thread#3" [stack: 0x000000a3a4d00000,0x000000a3a4e00000] [id=26736]
  0x000001fbfdcd8b90 GCTaskThread "GC Thread#4" [stack: 0x000000a3a4e00000,0x000000a3a4f00000] [id=13628]
  0x000001fbfd4b1720 GCTaskThread "GC Thread#5" [stack: 0x000000a3a5c00000,0x000000a3a5d00000] [id=33620]
  0x000001fbfd4b0dd0 GCTaskThread "GC Thread#6" [stack: 0x000000a3a5d00000,0x000000a3a5e00000] [id=19780]
  0x000001fbfd47a9a0 GCTaskThread "GC Thread#7" [stack: 0x000000a3a5e00000,0x000000a3a5f00000] [id=16728]
  0x000001fbc3ca82c0 ConcurrentGCThread "G1 Main Marker" [stack: 0x000000a3a3a00000,0x000000a3a3b00000] [id=2568]
  0x000001fbc3ca8be0 ConcurrentGCThread "G1 Conc#0" [stack: 0x000000a3a3b00000,0x000000a3a3c00000] [id=15972]
  0x000001fb85246ad0 ConcurrentGCThread "G1 Conc#1" [stack: 0x000000a3a6000000,0x000000a3a6100000] [id=28040]
  0x000001fbc3cfd690 ConcurrentGCThread "G1 Refine#0" [stack: 0x000000a3a3c00000,0x000000a3a3d00000] [id=3332]
  0x000001fb86a12100 ConcurrentGCThread "G1 Refine#1" [stack: 0x000000a3aa900000,0x000000a3aaa00000] [id=32460]
  0x000001fb86a12fb0 ConcurrentGCThread "G1 Refine#2" [stack: 0x000000a3ade00000,0x000000a3adf00000] [id=12940]
  0x000001fb86a14d10 ConcurrentGCThread "G1 Refine#3" [stack: 0x000000a3adf00000,0x000000a3ae000000] [id=33456]
  0x000001fbc3cfdfd0 ConcurrentGCThread "G1 Service" [stack: 0x000000a3a3d00000,0x000000a3a3e00000] [id=33876]

Threads with active compile tasks:
C2 CompilerThread0   200913 18115   !   4       org.gradle.internal.metaobject.BeanDynamicObject$MetaClassAdapter::getProperty (216 bytes)

VM state: not at safepoint (normal execution)

VM Mutex/Monitor currently owned by a thread: None

Heap address: 0x0000000080000000, size: 2048 MB, Compressed Oops mode: 32-bit

CDS archive(s) mapped at: [0x000001fbe2000000-0x000001fbe2bd0000-0x000001fbe2bd0000), size 12386304, SharedBaseAddress: 0x000001fbe2000000, ArchiveRelocationMode: 1.
Compressed class space mapped at: 0x000001fbe3000000-0x000001fbfd000000, reserved size: 436207616
Narrow klass base: 0x000001fbe2000000, Narrow klass shift: 0, Narrow klass range: 0x100000000

GC Precious Log:
 CPUs: 8 total, 8 available
 Memory: 7890M
 Large Page Support: Disabled
 NUMA Support: Disabled
 Compressed Oops: Enabled (32-bit)
 Heap Region Size: 1M
 Heap Min Capacity: 8M
 Heap Initial Capacity: 124M
 Heap Max Capacity: 2G
 Pre-touch: Disabled
 Parallel Workers: 8
 Concurrent Workers: 2
 Concurrent Refinement Workers: 8
 Periodic GC: Disabled

Heap:
 garbage-first heap   total 328704K, used 243037K [0x0000000080000000, 0x0000000100000000)
  region size 1024K, 75 young (76800K), 14 survivors (14336K)
 Metaspace       used 121450K, committed 123136K, reserved 557056K
  class space    used 16844K, committed 17664K, reserved 425984K

Heap Regions: E=young(eden), S=young(survivor), O=old, HS=humongous(starts), HC=humongous(continues), CS=collection set, F=free, OA=open archive, CA=closed archive, TAMS=top-at-mark-start (previous, next)
|   0|0x0000000080000000, 0x0000000080100000, 0x0000000080100000|100%|HS|  |TAMS 0x0000000080100000, 0x0000000080000000| Complete 
|   1|0x0000000080100000, 0x0000000080200000, 0x0000000080200000|100%|HC|  |TAMS 0x0000000080200000, 0x0000000080100000| Complete 
|   2|0x0000000080200000, 0x0000000080300000, 0x0000000080300000|100%|HC|  |TAMS 0x0000000080300000, 0x0000000080200000| Complete 
|   3|0x0000000080300000, 0x0000000080400000, 0x0000000080400000|100%| O|  |TAMS 0x0000000080400000, 0x0000000080300000| Untracked 
|   4|0x0000000080400000, 0x0000000080500000, 0x0000000080500000|100%| O|  |TAMS 0x0000000080500000, 0x0000000080400000| Untracked 
|   5|0x0000000080500000, 0x0000000080600000, 0x0000000080600000|100%| O|  |TAMS 0x0000000080600000, 0x0000000080500000| Untracked 
|   6|0x0000000080600000, 0x0000000080700000, 0x0000000080700000|100%|HS|  |TAMS 0x0000000080700000, 0x0000000080600000| Complete 
|   7|0x0000000080700000, 0x0000000080800000, 0x0000000080800000|100%| O|  |TAMS 0x0000000080800000, 0x0000000080700000| Untracked 
|   8|0x0000000080800000, 0x0000000080900000, 0x0000000080900000|100%| O|  |TAMS 0x0000000080900000, 0x0000000080800000| Untracked 
|   9|0x0000000080900000, 0x0000000080a00000, 0x0000000080a00000|100%| O|  |TAMS 0x0000000080a00000, 0x0000000080900000| Untracked 
|  10|0x0000000080a00000, 0x0000000080b00000, 0x0000000080b00000|100%| O|  |TAMS 0x0000000080b00000, 0x0000000080a00000| Untracked 
|  11|0x0000000080b00000, 0x0000000080c00000, 0x0000000080c00000|100%| O|  |TAMS 0x0000000080c00000, 0x0000000080b00000| Untracked 
|  12|0x0000000080c00000, 0x0000000080d00000, 0x0000000080d00000|100%| O|  |TAMS 0x0000000080d00000, 0x0000000080c00000| Untracked 
|  13|0x0000000080d00000, 0x0000000080e00000, 0x0000000080e00000|100%| O|  |TAMS 0x0000000080e00000, 0x0000000080d00000| Untracked 
|  14|0x0000000080e00000, 0x0000000080f00000, 0x0000000080f00000|100%| O|  |TAMS 0x0000000080f00000, 0x0000000080e00000| Untracked 
|  15|0x0000000080f00000, 0x0000000081000000, 0x0000000081000000|100%| O|  |TAMS 0x0000000081000000, 0x0000000080f00000| Untracked 
|  16|0x0000000081000000, 0x0000000081100000, 0x0000000081100000|100%| O|  |TAMS 0x0000000081100000, 0x0000000081000000| Untracked 
|  17|0x0000000081100000, 0x0000000081200000, 0x0000000081200000|100%| O|  |TAMS 0x0000000081200000, 0x0000000081100000| Untracked 
|  18|0x0000000081200000, 0x0000000081300000, 0x0000000081300000|100%| O|  |TAMS 0x0000000081300000, 0x0000000081200000| Untracked 
|  19|0x0000000081300000, 0x0000000081400000, 0x0000000081400000|100%| O|  |TAMS 0x0000000081400000, 0x0000000081300000| Untracked 
|  20|0x0000000081400000, 0x0000000081500000, 0x0000000081500000|100%| O|  |TAMS 0x0000000081400000, 0x0000000081400000| Untracked 
|  21|0x0000000081500000, 0x0000000081600000, 0x0000000081600000|100%| O|  |TAMS 0x0000000081600000, 0x0000000081500000| Untracked 
|  22|0x0000000081600000, 0x0000000081700000, 0x0000000081700000|100%| O|  |TAMS 0x0000000081700000, 0x0000000081600000| Untracked 
|  23|0x0000000081700000, 0x0000000081800000, 0x0000000081800000|100%| O|  |TAMS 0x0000000081800000, 0x0000000081700000| Untracked 
|  24|0x0000000081800000, 0x0000000081900000, 0x0000000081900000|100%| O|  |TAMS 0x0000000081900000, 0x0000000081800000| Untracked 
|  25|0x0000000081900000, 0x0000000081a00000, 0x0000000081a00000|100%| O|  |TAMS 0x0000000081a00000, 0x0000000081900000| Untracked 
|  26|0x0000000081a00000, 0x0000000081b00000, 0x0000000081b00000|100%| O|  |TAMS 0x0000000081b00000, 0x0000000081a00000| Untracked 
|  27|0x0000000081b00000, 0x0000000081c00000, 0x0000000081c00000|100%| O|  |TAMS 0x0000000081c00000, 0x0000000081b00000| Untracked 
|  28|0x0000000081c00000, 0x0000000081d00000, 0x0000000081d00000|100%| O|  |TAMS 0x0000000081d00000, 0x0000000081c00000| Untracked 
|  29|0x0000000081d00000, 0x0000000081e00000, 0x0000000081e00000|100%| O|  |TAMS 0x0000000081e00000, 0x0000000081d00000| Untracked 
|  30|0x0000000081e00000, 0x0000000081f00000, 0x0000000081f00000|100%| O|  |TAMS 0x0000000081f00000, 0x0000000081e00000| Untracked 
|  31|0x0000000081f00000, 0x0000000082000000, 0x0000000082000000|100%| O|  |TAMS 0x0000000082000000, 0x0000000081f00000| Untracked 
|  32|0x0000000082000000, 0x0000000082100000, 0x0000000082100000|100%| O|  |TAMS 0x0000000082100000, 0x0000000082000000| Untracked 
|  33|0x0000000082100000, 0x0000000082200000, 0x0000000082200000|100%| O|  |TAMS 0x0000000082200000, 0x0000000082100000| Untracked 
|  34|0x0000000082200000, 0x0000000082300000, 0x0000000082300000|100%| O|  |TAMS 0x0000000082300000, 0x0000000082200000| Untracked 
|  35|0x0000000082300000, 0x0000000082400000, 0x0000000082400000|100%| O|  |TAMS 0x0000000082400000, 0x0000000082300000| Untracked 
|  36|0x0000000082400000, 0x0000000082500000, 0x0000000082500000|100%| O|  |TAMS 0x0000000082500000, 0x0000000082400000| Untracked 
|  37|0x0000000082500000, 0x0000000082600000, 0x0000000082600000|100%| O|  |TAMS 0x0000000082500000, 0x0000000082500000| Untracked 
|  38|0x0000000082600000, 0x0000000082700000, 0x0000000082700000|100%| O|  |TAMS 0x0000000082700000, 0x0000000082600000| Untracked 
|  39|0x0000000082700000, 0x0000000082800000, 0x0000000082800000|100%| O|  |TAMS 0x0000000082800000, 0x0000000082700000| Untracked 
|  40|0x0000000082800000, 0x0000000082900000, 0x0000000082900000|100%| O|  |TAMS 0x0000000082800000, 0x0000000082800000| Untracked 
|  41|0x0000000082900000, 0x0000000082a00000, 0x0000000082a00000|100%| O|  |TAMS 0x0000000082a00000, 0x0000000082900000| Untracked 
|  42|0x0000000082a00000, 0x0000000082b00000, 0x0000000082b00000|100%| O|  |TAMS 0x0000000082b00000, 0x0000000082a00000| Untracked 
|  43|0x0000000082b00000, 0x0000000082c00000, 0x0000000082c00000|100%| O|  |TAMS 0x0000000082c00000, 0x0000000082b00000| Untracked 
|  44|0x0000000082c00000, 0x0000000082d00000, 0x0000000082d00000|100%| O|  |TAMS 0x0000000082d00000, 0x0000000082c00000| Untracked 
|  45|0x0000000082d00000, 0x0000000082e00000, 0x0000000082e00000|100%| O|  |TAMS 0x0000000082e00000, 0x0000000082d00000| Untracked 
|  46|0x0000000082e00000, 0x0000000082f00000, 0x0000000082f00000|100%| O|  |TAMS 0x0000000082e00000, 0x0000000082e00000| Untracked 
|  47|0x0000000082f00000, 0x0000000083000000, 0x0000000083000000|100%| O|  |TAMS 0x0000000082f00000, 0x0000000082f00000| Untracked 
|  48|0x0000000083000000, 0x0000000083100000, 0x0000000083100000|100%|HS|  |TAMS 0x0000000083100000, 0x0000000083000000| Complete 
|  49|0x0000000083100000, 0x0000000083200000, 0x0000000083200000|100%|HC|  |TAMS 0x0000000083200000, 0x0000000083100000| Complete 
|  50|0x0000000083200000, 0x0000000083300000, 0x0000000083300000|100%|HC|  |TAMS 0x0000000083300000, 0x0000000083200000| Complete 
|  51|0x0000000083300000, 0x0000000083400000, 0x0000000083400000|100%|HS|  |TAMS 0x0000000083400000, 0x0000000083300000| Complete 
|  52|0x0000000083400000, 0x0000000083500000, 0x0000000083500000|100%|HC|  |TAMS 0x0000000083500000, 0x0000000083400000| Complete 
|  53|0x0000000083500000, 0x0000000083600000, 0x0000000083600000|100%|HC|  |TAMS 0x0000000083600000, 0x0000000083500000| Complete 
|  54|0x0000000083600000, 0x0000000083700000, 0x0000000083700000|100%| O|  |TAMS 0x0000000083600000, 0x0000000083600000| Untracked 
|  55|0x0000000083700000, 0x0000000083800000, 0x0000000083800000|100%| O|  |TAMS 0x0000000083700000, 0x0000000083700000| Untracked 
|  56|0x0000000083800000, 0x0000000083900000, 0x0000000083900000|100%| O|  |TAMS 0x0000000083900000, 0x0000000083800000| Untracked 
|  57|0x0000000083900000, 0x0000000083a00000, 0x0000000083a00000|100%| O|  |TAMS 0x0000000083900000, 0x0000000083900000| Untracked 
|  58|0x0000000083a00000, 0x0000000083b00000, 0x0000000083b00000|100%| O|  |TAMS 0x0000000083a00000, 0x0000000083a00000| Untracked 
|  59|0x0000000083b00000, 0x0000000083c00000, 0x0000000083c00000|100%| O|  |TAMS 0x0000000083c00000, 0x0000000083b00000| Untracked 
|  60|0x0000000083c00000, 0x0000000083d00000, 0x0000000083d00000|100%| O|  |TAMS 0x0000000083d00000, 0x0000000083c00000| Untracked 
|  61|0x0000000083d00000, 0x0000000083e00000, 0x0000000083e00000|100%| O|  |TAMS 0x0000000083e00000, 0x0000000083d00000| Untracked 
|  62|0x0000000083e00000, 0x0000000083f00000, 0x0000000083f00000|100%| O|  |TAMS 0x0000000083f00000, 0x0000000083e00000| Untracked 
|  63|0x0000000083f00000, 0x0000000084000000, 0x0000000084000000|100%| O|  |TAMS 0x0000000084000000, 0x0000000083f00000| Untracked 
|  64|0x0000000084000000, 0x0000000084100000, 0x0000000084100000|100%| O|  |TAMS 0x0000000084100000, 0x0000000084000000| Untracked 
|  65|0x0000000084100000, 0x0000000084200000, 0x0000000084200000|100%| O|  |TAMS 0x0000000084200000, 0x0000000084100000| Untracked 
|  66|0x0000000084200000, 0x0000000084300000, 0x0000000084300000|100%| O|  |TAMS 0x0000000084300000, 0x0000000084200000| Untracked 
|  67|0x0000000084300000, 0x0000000084400000, 0x0000000084400000|100%| O|  |TAMS 0x0000000084300000, 0x0000000084300000| Untracked 
|  68|0x0000000084400000, 0x0000000084500000, 0x0000000084500000|100%| O|  |TAMS 0x0000000084400000, 0x0000000084400000| Untracked 
|  69|0x0000000084500000, 0x0000000084600000, 0x0000000084600000|100%| O|  |TAMS 0x0000000084500000, 0x0000000084500000| Untracked 
|  70|0x0000000084600000, 0x0000000084700000, 0x0000000084700000|100%| O|  |TAMS 0x0000000084700000, 0x0000000084600000| Untracked 
|  71|0x0000000084700000, 0x0000000084800000, 0x0000000084800000|100%| O|  |TAMS 0x0000000084800000, 0x0000000084700000| Untracked 
|  72|0x0000000084800000, 0x0000000084900000, 0x0000000084900000|100%| O|  |TAMS 0x0000000084900000, 0x0000000084800000| Untracked 
|  73|0x0000000084900000, 0x0000000084a00000, 0x0000000084a00000|100%| O|  |TAMS 0x0000000084a00000, 0x0000000084900000| Untracked 
|  74|0x0000000084a00000, 0x0000000084b00000, 0x0000000084b00000|100%| O|  |TAMS 0x0000000084b00000, 0x0000000084a00000| Untracked 
|  75|0x0000000084b00000, 0x0000000084c00000, 0x0000000084c00000|100%| O|  |TAMS 0x0000000084c00000, 0x0000000084b00000| Untracked 
|  76|0x0000000084c00000, 0x0000000084d00000, 0x0000000084d00000|100%| O|  |TAMS 0x0000000084d00000, 0x0000000084c00000| Untracked 
|  77|0x0000000084d00000, 0x0000000084e00000, 0x0000000084e00000|100%| O|  |TAMS 0x0000000084e00000, 0x0000000084d00000| Untracked 
|  78|0x0000000084e00000, 0x0000000084f00000, 0x0000000084f00000|100%| O|  |TAMS 0x0000000084f00000, 0x0000000084e00000| Untracked 
|  79|0x0000000084f00000, 0x0000000085000000, 0x0000000085000000|100%| O|  |TAMS 0x0000000085000000, 0x0000000084f00000| Untracked 
|  80|0x0000000085000000, 0x0000000085100000, 0x0000000085100000|100%| O|  |TAMS 0x0000000085000000, 0x0000000085000000| Untracked 
|  81|0x0000000085100000, 0x0000000085200000, 0x0000000085200000|100%| O|  |TAMS 0x0000000085100000, 0x0000000085100000| Untracked 
|  82|0x0000000085200000, 0x0000000085300000, 0x0000000085300000|100%| O|  |TAMS 0x0000000085200000, 0x0000000085200000| Untracked 
|  83|0x0000000085300000, 0x0000000085400000, 0x0000000085400000|100%| O|  |TAMS 0x0000000085400000, 0x0000000085300000| Untracked 
|  84|0x0000000085400000, 0x0000000085500000, 0x0000000085500000|100%| O|  |TAMS 0x0000000085500000, 0x0000000085400000| Untracked 
|  85|0x0000000085500000, 0x0000000085600000, 0x0000000085600000|100%| O|  |TAMS 0x0000000085600000, 0x0000000085500000| Untracked 
|  86|0x0000000085600000, 0x0000000085700000, 0x0000000085700000|100%| O|  |TAMS 0x0000000085700000, 0x0000000085600000| Untracked 
|  87|0x0000000085700000, 0x0000000085800000, 0x0000000085800000|100%| O|  |TAMS 0x0000000085700000, 0x0000000085700000| Untracked 
|  88|0x0000000085800000, 0x0000000085900000, 0x0000000085900000|100%| O|  |TAMS 0x0000000085900000, 0x0000000085800000| Untracked 
|  89|0x0000000085900000, 0x0000000085a00000, 0x0000000085a00000|100%| O|  |TAMS 0x0000000085a00000, 0x0000000085900000| Untracked 
|  90|0x0000000085a00000, 0x0000000085b00000, 0x0000000085b00000|100%| O|  |TAMS 0x0000000085b00000, 0x0000000085a00000| Untracked 
|  91|0x0000000085b00000, 0x0000000085c00000, 0x0000000085c00000|100%| O|  |TAMS 0x0000000085c00000, 0x0000000085b00000| Untracked 
|  92|0x0000000085c00000, 0x0000000085d00000, 0x0000000085d00000|100%| O|  |TAMS 0x0000000085d00000, 0x0000000085c00000| Untracked 
|  93|0x0000000085d00000, 0x0000000085e00000, 0x0000000085e00000|100%| O|  |TAMS 0x0000000085e00000, 0x0000000085d00000| Untracked 
|  94|0x0000000085e00000, 0x0000000085f00000, 0x0000000085f00000|100%| O|  |TAMS 0x0000000085f00000, 0x0000000085e00000| Untracked 
|  95|0x0000000085f00000, 0x0000000086000000, 0x0000000086000000|100%| O|  |TAMS 0x0000000085f00000, 0x0000000085f00000| Untracked 
|  96|0x0000000086000000, 0x0000000086100000, 0x0000000086100000|100%| O|  |TAMS 0x0000000086100000, 0x0000000086000000| Untracked 
|  97|0x0000000086100000, 0x0000000086200000, 0x0000000086200000|100%| O|  |TAMS 0x0000000086200000, 0x0000000086100000| Untracked 
|  98|0x0000000086200000, 0x0000000086300000, 0x0000000086300000|100%| O|  |TAMS 0x0000000086300000, 0x0000000086200000| Untracked 
|  99|0x0000000086300000, 0x0000000086400000, 0x0000000086400000|100%| O|  |TAMS 0x0000000086300000, 0x0000000086300000| Untracked 
| 100|0x0000000086400000, 0x0000000086500000, 0x0000000086500000|100%| O|  |TAMS 0x0000000086500000, 0x0000000086400000| Untracked 
| 101|0x0000000086500000, 0x0000000086600000, 0x0000000086600000|100%| O|  |TAMS 0x0000000086500000, 0x0000000086500000| Untracked 
| 102|0x0000000086600000, 0x0000000086700000, 0x0000000086700000|100%|HS|  |TAMS 0x0000000086700000, 0x0000000086600000| Complete 
| 103|0x0000000086700000, 0x0000000086800000, 0x0000000086800000|100%|HS|  |TAMS 0x0000000086800000, 0x0000000086700000| Complete 
| 104|0x0000000086800000, 0x0000000086900000, 0x0000000086900000|100%|HS|  |TAMS 0x0000000086900000, 0x0000000086800000| Complete 
| 105|0x0000000086900000, 0x0000000086a00000, 0x0000000086a00000|100%|HS|  |TAMS 0x0000000086a00000, 0x0000000086900000| Complete 
| 106|0x0000000086a00000, 0x0000000086b00000, 0x0000000086b00000|100%|HS|  |TAMS 0x0000000086b00000, 0x0000000086a00000| Complete 
| 107|0x0000000086b00000, 0x0000000086c00000, 0x0000000086c00000|100%|HS|  |TAMS 0x0000000086c00000, 0x0000000086b00000| Complete 
| 108|0x0000000086c00000, 0x0000000086d00000, 0x0000000086d00000|100%| O|  |TAMS 0x0000000086c00000, 0x0000000086c00000| Untracked 
| 109|0x0000000086d00000, 0x0000000086e00000, 0x0000000086e00000|100%| O|  |TAMS 0x0000000086d00000, 0x0000000086d00000| Untracked 
| 110|0x0000000086e00000, 0x0000000086f00000, 0x0000000086f00000|100%| O|  |TAMS 0x0000000086e00000, 0x0000000086e00000| Untracked 
| 111|0x0000000086f00000, 0x0000000087000000, 0x0000000087000000|100%| O|  |TAMS 0x0000000087000000, 0x0000000086f00000| Untracked 
| 112|0x0000000087000000, 0x0000000087100000, 0x0000000087100000|100%| O|  |TAMS 0x0000000087100000, 0x0000000087000000| Untracked 
| 113|0x0000000087100000, 0x0000000087200000, 0x0000000087200000|100%| O|  |TAMS 0x0000000087200000, 0x0000000087100000| Untracked 
| 114|0x0000000087200000, 0x0000000087300000, 0x0000000087300000|100%| O|  |TAMS 0x0000000087300000, 0x0000000087200000| Untracked 
| 115|0x0000000087300000, 0x0000000087400000, 0x0000000087400000|100%| O|  |TAMS 0x0000000087400000, 0x0000000087300000| Untracked 
| 116|0x0000000087400000, 0x0000000087500000, 0x0000000087500000|100%| O|  |TAMS 0x0000000087500000, 0x0000000087400000| Untracked 
| 117|0x0000000087500000, 0x0000000087600000, 0x0000000087600000|100%| O|  |TAMS 0x0000000087600000, 0x0000000087500000| Untracked 
| 118|0x0000000087600000, 0x0000000087700000, 0x0000000087700000|100%| O|  |TAMS 0x0000000087700000, 0x0000000087600000| Untracked 
| 119|0x0000000087700000, 0x0000000087800000, 0x0000000087800000|100%| O|  |TAMS 0x0000000087700000, 0x0000000087700000| Untracked 
| 120|0x0000000087800000, 0x0000000087900000, 0x0000000087900000|100%| O|  |TAMS 0x0000000087900000, 0x0000000087800000| Untracked 
| 121|0x0000000087900000, 0x0000000087a00000, 0x0000000087a00000|100%|HS|  |TAMS 0x0000000087a00000, 0x0000000087900000| Complete 
| 122|0x0000000087a00000, 0x0000000087b00000, 0x0000000087b00000|100%| O|  |TAMS 0x0000000087b00000, 0x0000000087a00000| Untracked 
| 123|0x0000000087b00000, 0x0000000087c00000, 0x0000000087c00000|100%| O|  |TAMS 0x0000000087c00000, 0x0000000087b00000| Untracked 
| 124|0x0000000087c00000, 0x0000000087d00000, 0x0000000087d00000|100%| O|  |TAMS 0x0000000087d00000, 0x0000000087c00000| Untracked 
| 125|0x0000000087d00000, 0x0000000087e00000, 0x0000000087e00000|100%| O|  |TAMS 0x0000000087e00000, 0x0000000087d00000| Untracked 
| 126|0x0000000087e00000, 0x0000000087f00000, 0x0000000087f00000|100%| O|  |TAMS 0x0000000087f00000, 0x0000000087e00000| Untracked 
| 127|0x0000000087f00000, 0x0000000088000000, 0x0000000088000000|100%| O|  |TAMS 0x0000000088000000, 0x0000000087f00000| Untracked 
| 128|0x0000000088000000, 0x0000000088100000, 0x0000000088100000|100%| O|  |TAMS 0x0000000088100000, 0x0000000088000000| Untracked 
| 129|0x0000000088100000, 0x0000000088200000, 0x0000000088200000|100%| O|  |TAMS 0x0000000088200000, 0x0000000088100000| Untracked 
| 130|0x0000000088200000, 0x0000000088300000, 0x0000000088300000|100%| O|  |TAMS 0x0000000088300000, 0x0000000088200000| Untracked 
| 131|0x0000000088300000, 0x0000000088400000, 0x0000000088400000|100%|HS|  |TAMS 0x0000000088400000, 0x0000000088300000| Complete 
| 132|0x0000000088400000, 0x0000000088500000, 0x0000000088500000|100%|HC|  |TAMS 0x0000000088500000, 0x0000000088400000| Complete 
| 133|0x0000000088500000, 0x0000000088600000, 0x0000000088600000|100%|HC|  |TAMS 0x0000000088600000, 0x0000000088500000| Complete 
| 134|0x0000000088600000, 0x0000000088700000, 0x0000000088700000|100%| O|  |TAMS 0x0000000088700000, 0x0000000088600000| Untracked 
| 135|0x0000000088700000, 0x0000000088800000, 0x0000000088800000|100%| O|  |TAMS 0x0000000088800000, 0x0000000088700000| Untracked 
| 136|0x0000000088800000, 0x0000000088900000, 0x0000000088900000|100%| O|  |TAMS 0x0000000088900000, 0x0000000088800000| Untracked 
| 137|0x0000000088900000, 0x0000000088a00000, 0x0000000088a00000|100%| O|  |TAMS 0x0000000088a00000, 0x0000000088900000| Untracked 
| 138|0x0000000088a00000, 0x0000000088b00000, 0x0000000088b00000|100%| O|  |TAMS 0x0000000088b00000, 0x0000000088a00000| Untracked 
| 139|0x0000000088b00000, 0x0000000088c00000, 0x0000000088c00000|100%| O|  |TAMS 0x0000000088c00000, 0x0000000088b00000| Untracked 
| 140|0x0000000088c00000, 0x0000000088d00000, 0x0000000088d00000|100%| O|  |TAMS 0x0000000088d00000, 0x0000000088c00000| Untracked 
| 141|0x0000000088d00000, 0x0000000088e00000, 0x0000000088e00000|100%| O|  |TAMS 0x0000000088e00000, 0x0000000088d00000| Untracked 
| 142|0x0000000088e00000, 0x0000000088f00000, 0x0000000088f00000|100%| O|  |TAMS 0x0000000088f00000, 0x0000000088e00000| Untracked 
| 143|0x0000000088f00000, 0x0000000089000000, 0x0000000089000000|100%| O|  |TAMS 0x0000000089000000, 0x0000000088f00000| Untracked 
| 144|0x0000000089000000, 0x0000000089100000, 0x0000000089100000|100%| O|  |TAMS 0x0000000089100000, 0x0000000089000000| Untracked 
| 145|0x0000000089100000, 0x0000000089200000, 0x0000000089200000|100%| O|  |TAMS 0x0000000089124a00, 0x0000000089100000| Untracked 
| 146|0x0000000089200000, 0x0000000089300000, 0x0000000089300000|100%| O|  |TAMS 0x0000000089200000, 0x0000000089200000| Untracked 
| 147|0x0000000089300000, 0x0000000089400000, 0x0000000089400000|100%| O|  |TAMS 0x0000000089300000, 0x0000000089300000| Untracked 
| 148|0x0000000089400000, 0x0000000089500000, 0x0000000089500000|100%| O|  |TAMS 0x0000000089400000, 0x0000000089400000| Untracked 
| 149|0x0000000089500000, 0x0000000089600000, 0x0000000089600000|100%| O|  |TAMS 0x0000000089500000, 0x0000000089500000| Untracked 
| 150|0x0000000089600000, 0x0000000089700000, 0x0000000089700000|100%| O|  |TAMS 0x0000000089600000, 0x0000000089600000| Untracked 
| 151|0x0000000089700000, 0x0000000089800000, 0x0000000089800000|100%| O|  |TAMS 0x0000000089700000, 0x0000000089700000| Untracked 
| 152|0x0000000089800000, 0x0000000089900000, 0x0000000089900000|100%| O|  |TAMS 0x0000000089800000, 0x0000000089800000| Untracked 
| 153|0x0000000089900000, 0x0000000089a00000, 0x0000000089a00000|100%| O|  |TAMS 0x0000000089900000, 0x0000000089900000| Untracked 
| 154|0x0000000089a00000, 0x0000000089b00000, 0x0000000089b00000|100%| O|  |TAMS 0x0000000089a00000, 0x0000000089a00000| Untracked 
| 155|0x0000000089b00000, 0x0000000089c00000, 0x0000000089c00000|100%| O|  |TAMS 0x0000000089b00000, 0x0000000089b00000| Untracked 
| 156|0x0000000089c00000, 0x0000000089d00000, 0x0000000089d00000|100%| O|  |TAMS 0x0000000089c00000, 0x0000000089c00000| Untracked 
| 157|0x0000000089d00000, 0x0000000089e00000, 0x0000000089e00000|100%| O|  |TAMS 0x0000000089d00000, 0x0000000089d00000| Untracked 
| 158|0x0000000089e00000, 0x0000000089f00000, 0x0000000089f00000|100%| O|  |TAMS 0x0000000089e00000, 0x0000000089e00000| Untracked 
| 159|0x0000000089f00000, 0x000000008a000000, 0x000000008a000000|100%|HS|  |TAMS 0x0000000089f00000, 0x0000000089f00000| Complete 
| 160|0x000000008a000000, 0x000000008a100000, 0x000000008a100000|100%|HS|  |TAMS 0x000000008a000000, 0x000000008a000000| Complete 
| 161|0x000000008a100000, 0x000000008a100000, 0x000000008a200000|  0%| F|  |TAMS 0x000000008a100000, 0x000000008a100000| Untracked 
| 162|0x000000008a200000, 0x000000008a300000, 0x000000008a300000|100%| O|  |TAMS 0x000000008a200000, 0x000000008a200000| Untracked 
| 163|0x000000008a300000, 0x000000008a400000, 0x000000008a400000|100%| O|  |TAMS 0x000000008a300000, 0x000000008a300000| Untracked 
| 164|0x000000008a400000, 0x000000008a457400, 0x000000008a500000| 34%| O|  |TAMS 0x000000008a400000, 0x000000008a400000| Untracked 
| 165|0x000000008a500000, 0x000000008a500000, 0x000000008a600000|  0%| F|  |TAMS 0x000000008a500000, 0x000000008a500000| Untracked 
| 166|0x000000008a600000, 0x000000008a600000, 0x000000008a700000|  0%| F|  |TAMS 0x000000008a600000, 0x000000008a600000| Untracked 
| 167|0x000000008a700000, 0x000000008a700000, 0x000000008a800000|  0%| F|  |TAMS 0x000000008a700000, 0x000000008a700000| Untracked 
| 168|0x000000008a800000, 0x000000008a800000, 0x000000008a900000|  0%| F|  |TAMS 0x000000008a800000, 0x000000008a800000| Untracked 
| 169|0x000000008a900000, 0x000000008a900000, 0x000000008aa00000|  0%| F|  |TAMS 0x000000008a900000, 0x000000008a900000| Untracked 
| 170|0x000000008aa00000, 0x000000008aa00000, 0x000000008ab00000|  0%| F|  |TAMS 0x000000008aa00000, 0x000000008aa00000| Untracked 
| 171|0x000000008ab00000, 0x000000008ab00000, 0x000000008ac00000|  0%| F|  |TAMS 0x000000008ab00000, 0x000000008ab00000| Untracked 
| 172|0x000000008ac00000, 0x000000008ac00000, 0x000000008ad00000|  0%| F|  |TAMS 0x000000008ac00000, 0x000000008ac00000| Untracked 
| 173|0x000000008ad00000, 0x000000008ad00000, 0x000000008ae00000|  0%| F|  |TAMS 0x000000008ad00000, 0x000000008ad00000| Untracked 
| 174|0x000000008ae00000, 0x000000008ae00000, 0x000000008af00000|  0%| F|  |TAMS 0x000000008ae00000, 0x000000008ae00000| Untracked 
| 175|0x000000008af00000, 0x000000008af00000, 0x000000008b000000|  0%| F|  |TAMS 0x000000008af00000, 0x000000008af00000| Untracked 
| 176|0x000000008b000000, 0x000000008b000000, 0x000000008b100000|  0%| F|  |TAMS 0x000000008b000000, 0x000000008b000000| Untracked 
| 177|0x000000008b100000, 0x000000008b100000, 0x000000008b200000|  0%| F|  |TAMS 0x000000008b100000, 0x000000008b100000| Untracked 
| 178|0x000000008b200000, 0x000000008b200000, 0x000000008b300000|  0%| F|  |TAMS 0x000000008b200000, 0x000000008b200000| Untracked 
| 179|0x000000008b300000, 0x000000008b300000, 0x000000008b400000|  0%| F|  |TAMS 0x000000008b300000, 0x000000008b300000| Untracked 
| 180|0x000000008b400000, 0x000000008b400000, 0x000000008b500000|  0%| F|  |TAMS 0x000000008b400000, 0x000000008b400000| Untracked 
| 181|0x000000008b500000, 0x000000008b500000, 0x000000008b600000|  0%| F|  |TAMS 0x000000008b500000, 0x000000008b500000| Untracked 
| 182|0x000000008b600000, 0x000000008b600000, 0x000000008b700000|  0%| F|  |TAMS 0x000000008b600000, 0x000000008b600000| Untracked 
| 183|0x000000008b700000, 0x000000008b700000, 0x000000008b800000|  0%| F|  |TAMS 0x000000008b700000, 0x000000008b700000| Untracked 
| 184|0x000000008b800000, 0x000000008b800000, 0x000000008b900000|  0%| F|  |TAMS 0x000000008b800000, 0x000000008b800000| Untracked 
| 185|0x000000008b900000, 0x000000008b900000, 0x000000008ba00000|  0%| F|  |TAMS 0x000000008b900000, 0x000000008b900000| Untracked 
| 186|0x000000008ba00000, 0x000000008ba00000, 0x000000008bb00000|  0%| F|  |TAMS 0x000000008ba00000, 0x000000008ba00000| Untracked 
| 187|0x000000008bb00000, 0x000000008bb00000, 0x000000008bc00000|  0%| F|  |TAMS 0x000000008bb00000, 0x000000008bb00000| Untracked 
| 188|0x000000008bc00000, 0x000000008bc00000, 0x000000008bd00000|  0%| F|  |TAMS 0x000000008bc00000, 0x000000008bc00000| Untracked 
| 189|0x000000008bd00000, 0x000000008bd00000, 0x000000008be00000|  0%| F|  |TAMS 0x000000008bd00000, 0x000000008bd00000| Untracked 
| 190|0x000000008be00000, 0x000000008be00000, 0x000000008bf00000|  0%| F|  |TAMS 0x000000008be00000, 0x000000008be00000| Untracked 
| 191|0x000000008bf00000, 0x000000008bf00000, 0x000000008c000000|  0%| F|  |TAMS 0x000000008bf00000, 0x000000008bf00000| Untracked 
| 192|0x000000008c000000, 0x000000008c000000, 0x000000008c100000|  0%| F|  |TAMS 0x000000008c000000, 0x000000008c000000| Untracked 
| 193|0x000000008c100000, 0x000000008c100000, 0x000000008c200000|  0%| F|  |TAMS 0x000000008c100000, 0x000000008c100000| Untracked 
| 194|0x000000008c200000, 0x000000008c200000, 0x000000008c300000|  0%| F|  |TAMS 0x000000008c200000, 0x000000008c200000| Untracked 
| 195|0x000000008c300000, 0x000000008c300000, 0x000000008c400000|  0%| F|  |TAMS 0x000000008c300000, 0x000000008c300000| Untracked 
| 196|0x000000008c400000, 0x000000008c400000, 0x000000008c500000|  0%| F|  |TAMS 0x000000008c400000, 0x000000008c400000| Untracked 
| 197|0x000000008c500000, 0x000000008c500000, 0x000000008c600000|  0%| F|  |TAMS 0x000000008c500000, 0x000000008c500000| Untracked 
| 198|0x000000008c600000, 0x000000008c600000, 0x000000008c700000|  0%| F|  |TAMS 0x000000008c600000, 0x000000008c600000| Untracked 
| 199|0x000000008c700000, 0x000000008c700000, 0x000000008c800000|  0%| F|  |TAMS 0x000000008c700000, 0x000000008c700000| Untracked 
| 200|0x000000008c800000, 0x000000008c800000, 0x000000008c900000|  0%| F|  |TAMS 0x000000008c800000, 0x000000008c800000| Untracked 
| 201|0x000000008c900000, 0x000000008ca00000, 0x000000008ca00000|100%| S|CS|TAMS 0x000000008c900000, 0x000000008c900000| Complete 
| 202|0x000000008ca00000, 0x000000008cb00000, 0x000000008cb00000|100%| S|CS|TAMS 0x000000008ca00000, 0x000000008ca00000| Complete 
| 203|0x000000008cb00000, 0x000000008cc00000, 0x000000008cc00000|100%| S|CS|TAMS 0x000000008cb00000, 0x000000008cb00000| Complete 
| 204|0x000000008cc00000, 0x000000008cd00000, 0x000000008cd00000|100%| S|CS|TAMS 0x000000008cc00000, 0x000000008cc00000| Complete 
| 205|0x000000008cd00000, 0x000000008ce00000, 0x000000008ce00000|100%| S|CS|TAMS 0x000000008cd00000, 0x000000008cd00000| Complete 
| 206|0x000000008ce00000, 0x000000008cf00000, 0x000000008cf00000|100%| S|CS|TAMS 0x000000008ce00000, 0x000000008ce00000| Complete 
| 207|0x000000008cf00000, 0x000000008d000000, 0x000000008d000000|100%| S|CS|TAMS 0x000000008cf00000, 0x000000008cf00000| Complete 
| 208|0x000000008d000000, 0x000000008d100000, 0x000000008d100000|100%| S|CS|TAMS 0x000000008d000000, 0x000000008d000000| Complete 
| 209|0x000000008d100000, 0x000000008d200000, 0x000000008d200000|100%| S|CS|TAMS 0x000000008d100000, 0x000000008d100000| Complete 
| 210|0x000000008d200000, 0x000000008d300000, 0x000000008d300000|100%| S|CS|TAMS 0x000000008d200000, 0x000000008d200000| Complete 
| 211|0x000000008d300000, 0x000000008d400000, 0x000000008d400000|100%| S|CS|TAMS 0x000000008d300000, 0x000000008d300000| Complete 
| 212|0x000000008d400000, 0x000000008d400000, 0x000000008d500000|  0%| F|  |TAMS 0x000000008d400000, 0x000000008d400000| Untracked 
| 213|0x000000008d500000, 0x000000008d500000, 0x000000008d600000|  0%| F|  |TAMS 0x000000008d500000, 0x000000008d500000| Untracked 
| 214|0x000000008d600000, 0x000000008d600000, 0x000000008d700000|  0%| F|  |TAMS 0x000000008d600000, 0x000000008d600000| Untracked 
| 215|0x000000008d700000, 0x000000008d700000, 0x000000008d800000|  0%| F|  |TAMS 0x000000008d700000, 0x000000008d700000| Untracked 
| 216|0x000000008d800000, 0x000000008d800000, 0x000000008d900000|  0%| F|  |TAMS 0x000000008d800000, 0x000000008d800000| Untracked 
| 217|0x000000008d900000, 0x000000008d900000, 0x000000008da00000|  0%| F|  |TAMS 0x000000008d900000, 0x000000008d900000| Untracked 
| 218|0x000000008da00000, 0x000000008da00000, 0x000000008db00000|  0%| F|  |TAMS 0x000000008da00000, 0x000000008da00000| Untracked 
| 219|0x000000008db00000, 0x000000008dc00000, 0x000000008dc00000|100%| S|CS|TAMS 0x000000008db00000, 0x000000008db00000| Complete 
| 220|0x000000008dc00000, 0x000000008dd00000, 0x000000008dd00000|100%| S|CS|TAMS 0x000000008dc00000, 0x000000008dc00000| Complete 
| 221|0x000000008dd00000, 0x000000008de00000, 0x000000008de00000|100%| S|CS|TAMS 0x000000008dd00000, 0x000000008dd00000| Complete 
| 222|0x000000008de00000, 0x000000008de00000, 0x000000008df00000|  0%| F|  |TAMS 0x000000008de00000, 0x000000008de00000| Untracked 
| 223|0x000000008df00000, 0x000000008df00000, 0x000000008e000000|  0%| F|  |TAMS 0x000000008df00000, 0x000000008df00000| Untracked 
| 224|0x000000008e000000, 0x000000008e000000, 0x000000008e100000|  0%| F|  |TAMS 0x000000008e000000, 0x000000008e000000| Untracked 
| 225|0x000000008e100000, 0x000000008e100000, 0x000000008e200000|  0%| F|  |TAMS 0x000000008e100000, 0x000000008e100000| Untracked 
| 226|0x000000008e200000, 0x000000008e200000, 0x000000008e300000|  0%| F|  |TAMS 0x000000008e200000, 0x000000008e200000| Untracked 
| 227|0x000000008e300000, 0x000000008e300000, 0x000000008e400000|  0%| F|  |TAMS 0x000000008e300000, 0x000000008e300000| Untracked 
| 228|0x000000008e400000, 0x000000008e400000, 0x000000008e500000|  0%| F|  |TAMS 0x000000008e400000, 0x000000008e400000| Untracked 
| 229|0x000000008e500000, 0x000000008e500000, 0x000000008e600000|  0%| F|  |TAMS 0x000000008e500000, 0x000000008e500000| Untracked 
| 230|0x000000008e600000, 0x000000008e600000, 0x000000008e700000|  0%| F|  |TAMS 0x000000008e600000, 0x000000008e600000| Untracked 
| 231|0x000000008e700000, 0x000000008e700000, 0x000000008e800000|  0%| F|  |TAMS 0x000000008e700000, 0x000000008e700000| Untracked 
| 232|0x000000008e800000, 0x000000008e800000, 0x000000008e900000|  0%| F|  |TAMS 0x000000008e800000, 0x000000008e800000| Untracked 
| 233|0x000000008e900000, 0x000000008e900000, 0x000000008ea00000|  0%| F|  |TAMS 0x000000008e900000, 0x000000008e900000| Untracked 
| 234|0x000000008ea00000, 0x000000008ea00000, 0x000000008eb00000|  0%| F|  |TAMS 0x000000008ea00000, 0x000000008ea00000| Untracked 
| 235|0x000000008eb00000, 0x000000008eb00000, 0x000000008ec00000|  0%| F|  |TAMS 0x000000008eb00000, 0x000000008eb00000| Untracked 
| 236|0x000000008ec00000, 0x000000008ec00000, 0x000000008ed00000|  0%| F|  |TAMS 0x000000008ec00000, 0x000000008ec00000| Untracked 
| 237|0x000000008ed00000, 0x000000008ed00000, 0x000000008ee00000|  0%| F|  |TAMS 0x000000008ed00000, 0x000000008ed00000| Untracked 
| 238|0x000000008ee00000, 0x000000008ee00000, 0x000000008ef00000|  0%| F|  |TAMS 0x000000008ee00000, 0x000000008ee00000| Untracked 
| 239|0x000000008ef00000, 0x000000008ef00000, 0x000000008f000000|  0%| F|  |TAMS 0x000000008ef00000, 0x000000008ef00000| Untracked 
| 240|0x000000008f000000, 0x000000008f000000, 0x000000008f100000|  0%| F|  |TAMS 0x000000008f000000, 0x000000008f000000| Untracked 
| 241|0x000000008f100000, 0x000000008f100000, 0x000000008f200000|  0%| F|  |TAMS 0x000000008f100000, 0x000000008f100000| Untracked 
| 242|0x000000008f200000, 0x000000008f200000, 0x000000008f300000|  0%| F|  |TAMS 0x000000008f200000, 0x000000008f200000| Untracked 
| 243|0x000000008f300000, 0x000000008f300000, 0x000000008f400000|  0%| F|  |TAMS 0x000000008f300000, 0x000000008f300000| Untracked 
| 244|0x000000008f400000, 0x000000008f400000, 0x000000008f500000|  0%| F|  |TAMS 0x000000008f400000, 0x000000008f400000| Untracked 
| 245|0x000000008f500000, 0x000000008f500000, 0x000000008f600000|  0%| F|  |TAMS 0x000000008f500000, 0x000000008f500000| Untracked 
| 246|0x000000008f600000, 0x000000008f600000, 0x000000008f700000|  0%| F|  |TAMS 0x000000008f600000, 0x000000008f600000| Untracked 
| 247|0x000000008f700000, 0x000000008f700000, 0x000000008f800000|  0%| F|  |TAMS 0x000000008f700000, 0x000000008f700000| Untracked 
| 248|0x000000008f800000, 0x000000008f800000, 0x000000008f900000|  0%| F|  |TAMS 0x000000008f800000, 0x000000008f800000| Untracked 
| 249|0x000000008f900000, 0x000000008f900000, 0x000000008fa00000|  0%| F|  |TAMS 0x000000008f900000, 0x000000008f900000| Untracked 
| 250|0x000000008fa00000, 0x000000008fa00000, 0x000000008fb00000|  0%| F|  |TAMS 0x000000008fa00000, 0x000000008fa00000| Untracked 
| 251|0x000000008fb00000, 0x000000008fb00000, 0x000000008fc00000|  0%| F|  |TAMS 0x000000008fb00000, 0x000000008fb00000| Untracked 
| 252|0x000000008fc00000, 0x000000008fc00000, 0x000000008fd00000|  0%| F|  |TAMS 0x000000008fc00000, 0x000000008fc00000| Untracked 
| 253|0x000000008fd00000, 0x000000008fd00000, 0x000000008fe00000|  0%| F|  |TAMS 0x000000008fd00000, 0x000000008fd00000| Untracked 
| 254|0x000000008fe00000, 0x000000008fe00000, 0x000000008ff00000|  0%| F|  |TAMS 0x000000008fe00000, 0x000000008fe00000| Untracked 
| 255|0x000000008ff00000, 0x000000008ff00000, 0x0000000090000000|  0%| F|  |TAMS 0x000000008ff00000, 0x000000008ff00000| Untracked 
| 256|0x0000000090000000, 0x0000000090000000, 0x0000000090100000|  0%| F|  |TAMS 0x0000000090000000, 0x0000000090000000| Untracked 
| 257|0x0000000090100000, 0x0000000090100000, 0x0000000090200000|  0%| F|  |TAMS 0x0000000090100000, 0x0000000090100000| Untracked 
| 258|0x0000000090200000, 0x0000000090200000, 0x0000000090300000|  0%| F|  |TAMS 0x0000000090200000, 0x0000000090200000| Untracked 
| 259|0x0000000090300000, 0x0000000090300000, 0x0000000090400000|  0%| F|  |TAMS 0x0000000090300000, 0x0000000090300000| Untracked 
| 260|0x0000000090400000, 0x00000000904e6018, 0x0000000090500000| 89%| E|  |TAMS 0x0000000090400000, 0x0000000090400000| Complete 
| 261|0x0000000090500000, 0x0000000090600000, 0x0000000090600000|100%| E|CS|TAMS 0x0000000090500000, 0x0000000090500000| Complete 
| 262|0x0000000090600000, 0x0000000090700000, 0x0000000090700000|100%| E|CS|TAMS 0x0000000090600000, 0x0000000090600000| Complete 
| 263|0x0000000090700000, 0x0000000090800000, 0x0000000090800000|100%| E|CS|TAMS 0x0000000090700000, 0x0000000090700000| Complete 
| 264|0x0000000090800000, 0x0000000090900000, 0x0000000090900000|100%| E|CS|TAMS 0x0000000090800000, 0x0000000090800000| Complete 
| 265|0x0000000090900000, 0x0000000090a00000, 0x0000000090a00000|100%| E|CS|TAMS 0x0000000090900000, 0x0000000090900000| Complete 
| 266|0x0000000090a00000, 0x0000000090b00000, 0x0000000090b00000|100%| E|CS|TAMS 0x0000000090a00000, 0x0000000090a00000| Complete 
| 267|0x0000000090b00000, 0x0000000090c00000, 0x0000000090c00000|100%| E|CS|TAMS 0x0000000090b00000, 0x0000000090b00000| Complete 
| 268|0x0000000090c00000, 0x0000000090d00000, 0x0000000090d00000|100%| E|CS|TAMS 0x0000000090c00000, 0x0000000090c00000| Complete 
| 269|0x0000000090d00000, 0x0000000090e00000, 0x0000000090e00000|100%| E|CS|TAMS 0x0000000090d00000, 0x0000000090d00000| Complete 
| 270|0x0000000090e00000, 0x0000000090f00000, 0x0000000090f00000|100%| E|CS|TAMS 0x0000000090e00000, 0x0000000090e00000| Complete 
| 271|0x0000000090f00000, 0x0000000091000000, 0x0000000091000000|100%| E|CS|TAMS 0x0000000090f00000, 0x0000000090f00000| Complete 
| 272|0x0000000091000000, 0x0000000091100000, 0x0000000091100000|100%| E|CS|TAMS 0x0000000091000000, 0x0000000091000000| Complete 
| 273|0x0000000091100000, 0x0000000091200000, 0x0000000091200000|100%| E|CS|TAMS 0x0000000091100000, 0x0000000091100000| Complete 
| 274|0x0000000091200000, 0x0000000091300000, 0x0000000091300000|100%| E|CS|TAMS 0x0000000091200000, 0x0000000091200000| Complete 
| 275|0x0000000091300000, 0x0000000091400000, 0x0000000091400000|100%| E|CS|TAMS 0x0000000091300000, 0x0000000091300000| Complete 
| 276|0x0000000091400000, 0x0000000091500000, 0x0000000091500000|100%| E|CS|TAMS 0x0000000091400000, 0x0000000091400000| Complete 
| 277|0x0000000091500000, 0x0000000091600000, 0x0000000091600000|100%| E|CS|TAMS 0x0000000091500000, 0x0000000091500000| Complete 
| 278|0x0000000091600000, 0x0000000091700000, 0x0000000091700000|100%| E|CS|TAMS 0x0000000091600000, 0x0000000091600000| Complete 
| 279|0x0000000091700000, 0x0000000091800000, 0x0000000091800000|100%| E|CS|TAMS 0x0000000091700000, 0x0000000091700000| Complete 
| 280|0x0000000091800000, 0x0000000091900000, 0x0000000091900000|100%| E|CS|TAMS 0x0000000091800000, 0x0000000091800000| Complete 
| 281|0x0000000091900000, 0x0000000091a00000, 0x0000000091a00000|100%| E|CS|TAMS 0x0000000091900000, 0x0000000091900000| Complete 
| 282|0x0000000091a00000, 0x0000000091b00000, 0x0000000091b00000|100%| E|CS|TAMS 0x0000000091a00000, 0x0000000091a00000| Complete 
| 283|0x0000000091b00000, 0x0000000091c00000, 0x0000000091c00000|100%| E|CS|TAMS 0x0000000091b00000, 0x0000000091b00000| Complete 
| 284|0x0000000091c00000, 0x0000000091d00000, 0x0000000091d00000|100%| E|CS|TAMS 0x0000000091c00000, 0x0000000091c00000| Complete 
| 285|0x0000000091d00000, 0x0000000091e00000, 0x0000000091e00000|100%| E|CS|TAMS 0x0000000091d00000, 0x0000000091d00000| Complete 
| 286|0x0000000091e00000, 0x0000000091f00000, 0x0000000091f00000|100%| E|CS|TAMS 0x0000000091e00000, 0x0000000091e00000| Complete 
| 287|0x0000000091f00000, 0x0000000092000000, 0x0000000092000000|100%| E|CS|TAMS 0x0000000091f00000, 0x0000000091f00000| Complete 
| 288|0x0000000092000000, 0x0000000092100000, 0x0000000092100000|100%| E|CS|TAMS 0x0000000092000000, 0x0000000092000000| Complete 
| 289|0x0000000092100000, 0x0000000092200000, 0x0000000092200000|100%| E|CS|TAMS 0x0000000092100000, 0x0000000092100000| Complete 
| 290|0x0000000092200000, 0x0000000092300000, 0x0000000092300000|100%| E|CS|TAMS 0x0000000092200000, 0x0000000092200000| Complete 
| 291|0x0000000092300000, 0x0000000092400000, 0x0000000092400000|100%| E|CS|TAMS 0x0000000092300000, 0x0000000092300000| Complete 
| 292|0x0000000092400000, 0x0000000092500000, 0x0000000092500000|100%| E|CS|TAMS 0x0000000092400000, 0x0000000092400000| Complete 
| 293|0x0000000092500000, 0x0000000092600000, 0x0000000092600000|100%| E|CS|TAMS 0x0000000092500000, 0x0000000092500000| Complete 
| 294|0x0000000092600000, 0x0000000092700000, 0x0000000092700000|100%| E|CS|TAMS 0x0000000092600000, 0x0000000092600000| Complete 
| 295|0x0000000092700000, 0x0000000092800000, 0x0000000092800000|100%| E|CS|TAMS 0x0000000092700000, 0x0000000092700000| Complete 
| 296|0x0000000092800000, 0x0000000092900000, 0x0000000092900000|100%| E|CS|TAMS 0x0000000092800000, 0x0000000092800000| Complete 
| 297|0x0000000092900000, 0x0000000092a00000, 0x0000000092a00000|100%| E|CS|TAMS 0x0000000092900000, 0x0000000092900000| Complete 
| 298|0x0000000092a00000, 0x0000000092b00000, 0x0000000092b00000|100%| E|CS|TAMS 0x0000000092a00000, 0x0000000092a00000| Complete 
| 299|0x0000000092b00000, 0x0000000092c00000, 0x0000000092c00000|100%| E|CS|TAMS 0x0000000092b00000, 0x0000000092b00000| Complete 
| 300|0x0000000092c00000, 0x0000000092d00000, 0x0000000092d00000|100%| E|CS|TAMS 0x0000000092c00000, 0x0000000092c00000| Complete 
| 301|0x0000000092d00000, 0x0000000092e00000, 0x0000000092e00000|100%| E|CS|TAMS 0x0000000092d00000, 0x0000000092d00000| Complete 
| 302|0x0000000092e00000, 0x0000000092f00000, 0x0000000092f00000|100%| E|CS|TAMS 0x0000000092e00000, 0x0000000092e00000| Complete 
| 303|0x0000000092f00000, 0x0000000093000000, 0x0000000093000000|100%| E|CS|TAMS 0x0000000092f00000, 0x0000000092f00000| Complete 
| 304|0x0000000093000000, 0x0000000093100000, 0x0000000093100000|100%| E|CS|TAMS 0x0000000093000000, 0x0000000093000000| Complete 
| 305|0x0000000093100000, 0x0000000093200000, 0x0000000093200000|100%| E|CS|TAMS 0x0000000093100000, 0x0000000093100000| Complete 
| 306|0x0000000093200000, 0x0000000093300000, 0x0000000093300000|100%| E|CS|TAMS 0x0000000093200000, 0x0000000093200000| Complete 
| 307|0x0000000093300000, 0x0000000093400000, 0x0000000093400000|100%| E|CS|TAMS 0x0000000093300000, 0x0000000093300000| Complete 
| 308|0x0000000093400000, 0x0000000093500000, 0x0000000093500000|100%| E|CS|TAMS 0x0000000093400000, 0x0000000093400000| Complete 
| 309|0x0000000093500000, 0x0000000093600000, 0x0000000093600000|100%| E|CS|TAMS 0x0000000093500000, 0x0000000093500000| Complete 
| 310|0x0000000093600000, 0x0000000093700000, 0x0000000093700000|100%| E|CS|TAMS 0x0000000093600000, 0x0000000093600000| Complete 
| 311|0x0000000093700000, 0x0000000093800000, 0x0000000093800000|100%| E|CS|TAMS 0x0000000093700000, 0x0000000093700000| Complete 
| 312|0x0000000093800000, 0x0000000093900000, 0x0000000093900000|100%| E|CS|TAMS 0x0000000093800000, 0x0000000093800000| Complete 
| 313|0x0000000093900000, 0x0000000093a00000, 0x0000000093a00000|100%| E|CS|TAMS 0x0000000093900000, 0x0000000093900000| Complete 
| 314|0x0000000093a00000, 0x0000000093b00000, 0x0000000093b00000|100%| E|CS|TAMS 0x0000000093a00000, 0x0000000093a00000| Complete 
| 315|0x0000000093b00000, 0x0000000093c00000, 0x0000000093c00000|100%| E|CS|TAMS 0x0000000093b00000, 0x0000000093b00000| Complete 
| 316|0x0000000093c00000, 0x0000000093d00000, 0x0000000093d00000|100%| E|CS|TAMS 0x0000000093c00000, 0x0000000093c00000| Complete 
| 317|0x0000000093d00000, 0x0000000093e00000, 0x0000000093e00000|100%| E|CS|TAMS 0x0000000093d00000, 0x0000000093d00000| Complete 
| 318|0x0000000093e00000, 0x0000000093f00000, 0x0000000093f00000|100%| E|CS|TAMS 0x0000000093e00000, 0x0000000093e00000| Complete 
| 319|0x0000000093f00000, 0x0000000094000000, 0x0000000094000000|100%| E|CS|TAMS 0x0000000093f00000, 0x0000000093f00000| Complete 
| 320|0x0000000094000000, 0x0000000094100000, 0x0000000094100000|100%| E|CS|TAMS 0x0000000094000000, 0x0000000094000000| Complete 

Card table byte_map: [0x000001fbdac20000,0x000001fbdb020000] _byte_map_base: 0x000001fbda820000

Marking Bits (Prev, Next): (CMBitMap*) 0x000001fbc3c97990, (CMBitMap*) 0x000001fbc3c979d0
 Prev Bits: [0x000001fbdb420000, 0x000001fbdd420000)
 Next Bits: [0x000001fbdd420000, 0x000001fbdf420000)

Polling page: 0x000001fbc1b60000

Metaspace:

Usage:
  Non-class:    102.15 MB used.
      Class:     16.45 MB used.
       Both:    118.60 MB used.

Virtual space:
  Non-class space:      128.00 MB reserved,     103.00 MB ( 80%) committed,  2 nodes.
      Class space:      416.00 MB reserved,      17.25 MB (  4%) committed,  1 nodes.
             Both:      544.00 MB reserved,     120.25 MB ( 22%) committed. 

Chunk freelists:
   Non-Class:  8.94 MB
       Class:  14.81 MB
        Both:  23.75 MB

MaxMetaspaceSize: 512.00 MB
CompressedClassSpaceSize: 416.00 MB
Initial GC threshold: 21.00 MB
Current GC threshold: 172.81 MB
CDS: on
MetaspaceReclaimPolicy: balanced
 - commit_granule_bytes: 65536.
 - commit_granule_words: 8192.
 - virtual_space_node_default_size: 8388608.
 - enlarge_chunks_in_place: 1.
 - new_chunks_are_fully_committed: 0.
 - uncommit_free_chunks: 1.
 - use_allocation_guard: 0.
 - handle_deallocations: 1.


Internal statistics:

num_allocs_failed_limit: 12.
num_arena_births: 2058.
num_arena_deaths: 8.
num_vsnodes_births: 3.
num_vsnodes_deaths: 0.
num_space_committed: 1924.
num_space_uncommitted: 0.
num_chunks_returned_to_freelist: 23.
num_chunks_taken_from_freelist: 7785.
num_chunk_merges: 12.
num_chunk_splits: 4952.
num_chunks_enlarged: 3034.
num_inconsistent_stats: 0.

CodeHeap 'non-profiled nmethods': size=120000Kb used=10637Kb max_used=10645Kb free=109362Kb
 bounds [0x000001fbd2fc0000, 0x000001fbd3a40000, 0x000001fbda4f0000]
CodeHeap 'profiled nmethods': size=120000Kb used=29768Kb max_used=29784Kb free=90232Kb
 bounds [0x000001fbcb4f0000, 0x000001fbcd220000, 0x000001fbd2a20000]
CodeHeap 'non-nmethods': size=5760Kb used=2480Kb max_used=2541Kb free=3279Kb
 bounds [0x000001fbd2a20000, 0x000001fbd2cb0000, 0x000001fbd2fc0000]
 total_blobs=16169 nmethods=15156 adapters=924
 compilation: enabled
              stopped_count=0, restarted_count=0
 full_count=0

Compilation events (20 events):
Event: 199.524 Thread 0x000001fbe1e3ec80 18215   !   3       org.gradle.api.internal.provider.DefaultProvider::calculateOwnValue (60 bytes)
Event: 199.525 Thread 0x000001fbe1e3ec80 nmethod 18215 0x000001fbcce6a890 code [0x000001fbcce6ab20, 0x000001fbcce6b748]
Event: 199.525 Thread 0x000001fbe1e3ec80 18216       3       org.jetbrains.kotlin.gradle.plugin.mpp.KotlinAndroidTarget::filterOutAndroidBuildTypeAttribute (62 bytes)
Event: 199.525 Thread 0x000001fbe1e3ec80 nmethod 18216 0x000001fbcce69990 code [0x000001fbcce69c00, 0x000001fbcce6a548]
Event: 199.525 Thread 0x000001fbe1e3ec80 18217       3       org.gradle.api.internal.artifacts.configurations.DefaultDependencyScopeConfiguration_Decorated::<init> (52 bytes)
Event: 199.526 Thread 0x000001fbe1e3ec80 nmethod 18217 0x000001fbcce67e90 code [0x000001fbcce68180, 0x000001fbcce693b8]
Event: 199.526 Thread 0x000001fbe1e3ec80 18218       3       org.jetbrains.kotlin.gradle.plugin.ProjectLocalConfigurations::getATTRIBUTE (4 bytes)
Event: 199.526 Thread 0x000001fbe1e3ec80 nmethod 18218 0x000001fbcc107410 code [0x000001fbcc1075a0, 0x000001fbcc1076b8]
Event: 199.526 Thread 0x000001fbe1e3ec80 18219       1       org.jetbrains.kotlin.gradle.plugin.mpp.DefaultKotlinUsageContext::getDependencyConfigurationName (5 bytes)
Event: 199.526 Thread 0x000001fbe1e3ec80 nmethod 18219 0x000001fbd3404690 code [0x000001fbd3404820, 0x000001fbd34048f8]
Event: 199.528 Thread 0x000001fbe1e3ec80 18220   !   3       org.gradle.internal.work.DefaultSynchronizer::takeOwnership (88 bytes)
Event: 199.529 Thread 0x000001fbe1e3ec80 nmethod 18220 0x000001fbcce67010 code [0x000001fbcce67260, 0x000001fbcce67b68]
Event: 199.529 Thread 0x000001fbe1e3ec80 18221       3       org.gradle.internal.work.DefaultWorkerLeaseService::isWorkerThread (8 bytes)
Event: 199.530 Thread 0x000001fbe1e3ec80 nmethod 18221 0x000001fbcceac390 code [0x000001fbcceac560, 0x000001fbcceac8b8]
Event: 199.530 Thread 0x000001fbe1e3ec80 18222       1       org.gradle.model.internal.registry.ModelNodeInternal::getState (5 bytes)
Event: 199.530 Thread 0x000001fbe1e3ec80 nmethod 18222 0x000001fbd3404390 code [0x000001fbd3404520, 0x000001fbd34045f8]
Event: 199.532 Thread 0x000001fbe1e3ec80 18223   !   3       java.io.File::toURI (69 bytes)
Event: 199.533 Thread 0x000001fbe1e3ec80 nmethod 18223 0x000001fbcceaab90 code [0x000001fbcceaae60, 0x000001fbcceabd08]
Event: 199.533 Thread 0x000001fbe1e3ec80 18224       3       java.lang.StringBuilder::charAt (6 bytes)
Event: 199.533 Thread 0x000001fbe1e3ec80 nmethod 18224 0x000001fbcc1d8110 code [0x000001fbcc1d82a0, 0x000001fbcc1d83e8]

GC Heap History (20 events):
Event: 155.318 GC heap before
{Heap before GC invocations=49 (full 0):
 garbage-first heap   total 212992K, used 155299K [0x0000000080000000, 0x0000000100000000)
  region size 1024K, 21 young (21504K), 3 survivors (3072K)
 Metaspace       used 101144K, committed 102336K, reserved 557056K
  class space    used 13857K, committed 14464K, reserved 425984K
}
Event: 155.341 GC heap after
{Heap after GC invocations=50 (full 0):
 garbage-first heap   total 212992K, used 138692K [0x0000000080000000, 0x0000000100000000)
  region size 1024K, 4 young (4096K), 4 survivors (4096K)
 Metaspace       used 101144K, committed 102336K, reserved 557056K
  class space    used 13857K, committed 14464K, reserved 425984K
}
Event: 165.252 GC heap before
{Heap before GC invocations=51 (full 0):
 garbage-first heap   total 244736K, used 175556K [0x0000000080000000, 0x0000000100000000)
  region size 1024K, 42 young (43008K), 4 survivors (4096K)
 Metaspace       used 103039K, committed 104320K, reserved 557056K
  class space    used 14114K, committed 14720K, reserved 425984K
}
Event: 165.385 GC heap after
{Heap after GC invocations=52 (full 0):
 garbage-first heap   total 244736K, used 140566K [0x0000000080000000, 0x0000000100000000)
  region size 1024K, 5 young (5120K), 5 survivors (5120K)
 Metaspace       used 103039K, committed 104320K, reserved 557056K
  class space    used 14114K, committed 14720K, reserved 425984K
}
Event: 165.452 GC heap before
{Heap before GC invocations=52 (full 0):
 garbage-first heap   total 244736K, used 146710K [0x0000000080000000, 0x0000000100000000)
  region size 1024K, 11 young (11264K), 5 survivors (5120K)
 Metaspace       used 103039K, committed 104320K, reserved 557056K
  class space    used 14114K, committed 14720K, reserved 425984K
}
Event: 165.519 GC heap after
{Heap after GC invocations=53 (full 0):
 garbage-first heap   total 244736K, used 130388K [0x0000000080000000, 0x0000000100000000)
  region size 1024K, 1 young (1024K), 1 survivors (1024K)
 Metaspace       used 103039K, committed 104320K, reserved 557056K
  class space    used 14114K, committed 14720K, reserved 425984K
}
Event: 174.057 GC heap before
{Heap before GC invocations=53 (full 0):
 garbage-first heap   total 244736K, used 205140K [0x0000000080000000, 0x0000000100000000)
  region size 1024K, 74 young (75776K), 1 survivors (1024K)
 Metaspace       used 104870K, committed 106112K, reserved 557056K
  class space    used 14354K, committed 14976K, reserved 425984K
}
Event: 174.067 GC heap after
{Heap after GC invocations=54 (full 0):
 garbage-first heap   total 244736K, used 135823K [0x0000000080000000, 0x0000000100000000)
  region size 1024K, 6 young (6144K), 6 survivors (6144K)
 Metaspace       used 104870K, committed 106112K, reserved 557056K
  class space    used 14354K, committed 14976K, reserved 425984K
}
Event: 176.820 GC heap before
{Heap before GC invocations=55 (full 0):
 garbage-first heap   total 244736K, used 205455K [0x0000000080000000, 0x0000000100000000)
  region size 1024K, 73 young (74752K), 6 survivors (6144K)
 Metaspace       used 108693K, committed 109888K, reserved 557056K
  class space    used 14964K, committed 15552K, reserved 425984K
}
Event: 176.834 GC heap after
{Heap after GC invocations=56 (full 0):
 garbage-first heap   total 328704K, used 138130K [0x0000000080000000, 0x0000000100000000)
  region size 1024K, 3 young (3072K), 3 survivors (3072K)
 Metaspace       used 108693K, committed 109888K, reserved 557056K
  class space    used 14964K, committed 15552K, reserved 425984K
}
Event: 177.128 GC heap before
{Heap before GC invocations=56 (full 0):
 garbage-first heap   total 328704K, used 151442K [0x0000000080000000, 0x0000000100000000)
  region size 1024K, 16 young (16384K), 3 survivors (3072K)
 Metaspace       used 109509K, committed 110720K, reserved 557056K
  class space    used 15129K, committed 15744K, reserved 425984K
}
Event: 177.147 GC heap after
{Heap after GC invocations=57 (full 0):
 garbage-first heap   total 328704K, used 136394K [0x0000000080000000, 0x0000000100000000)
  region size 1024K, 1 young (1024K), 1 survivors (1024K)
 Metaspace       used 109509K, committed 110720K, reserved 557056K
  class space    used 15129K, committed 15744K, reserved 425984K
}
Event: 180.098 GC heap before
{Heap before GC invocations=57 (full 0):
 garbage-first heap   total 328704K, used 275658K [0x0000000080000000, 0x0000000100000000)
  region size 1024K, 137 young (140288K), 1 survivors (1024K)
 Metaspace       used 115814K, committed 117120K, reserved 557056K
  class space    used 15991K, committed 16640K, reserved 425984K
}
Event: 180.111 GC heap after
{Heap after GC invocations=58 (full 0):
 garbage-first heap   total 328704K, used 143990K [0x0000000080000000, 0x0000000100000000)
  region size 1024K, 8 young (8192K), 8 survivors (8192K)
 Metaspace       used 115814K, committed 117120K, reserved 557056K
  class space    used 15991K, committed 16640K, reserved 425984K
}
Event: 188.795 GC heap before
{Heap before GC invocations=58 (full 0):
 garbage-first heap   total 328704K, used 273014K [0x0000000080000000, 0x0000000100000000)
  region size 1024K, 134 young (137216K), 8 survivors (8192K)
 Metaspace       used 118896K, committed 120320K, reserved 557056K
  class space    used 16460K, committed 17152K, reserved 425984K
}
Event: 188.831 GC heap after
{Heap after GC invocations=59 (full 0):
 garbage-first heap   total 328704K, used 162633K [0x0000000080000000, 0x0000000100000000)
  region size 1024K, 17 young (17408K), 17 survivors (17408K)
 Metaspace       used 118896K, committed 120320K, reserved 557056K
  class space    used 16460K, committed 17152K, reserved 425984K
}
Event: 189.648 GC heap before
{Heap before GC invocations=59 (full 0):
 garbage-first heap   total 328704K, used 266057K [0x0000000080000000, 0x0000000100000000)
  region size 1024K, 119 young (121856K), 17 survivors (17408K)
 Metaspace       used 118899K, committed 120320K, reserved 557056K
  class space    used 16460K, committed 17152K, reserved 425984K
}
Event: 189.688 GC heap after
{Heap after GC invocations=60 (full 0):
 garbage-first heap   total 328704K, used 169498K [0x0000000080000000, 0x0000000100000000)
  region size 1024K, 7 young (7168K), 7 survivors (7168K)
 Metaspace       used 118899K, committed 120320K, reserved 557056K
  class space    used 16460K, committed 17152K, reserved 425984K
}
Event: 196.740 GC heap before
{Heap before GC invocations=60 (full 0):
 garbage-first heap   total 328704K, used 273946K [0x0000000080000000, 0x0000000100000000)
  region size 1024K, 106 young (108544K), 7 survivors (7168K)
 Metaspace       used 120704K, committed 122368K, reserved 557056K
  class space    used 16749K, committed 17536K, reserved 425984K
}
Event: 196.756 GC heap after
{Heap after GC invocations=61 (full 0):
 garbage-first heap   total 328704K, used 181597K [0x0000000080000000, 0x0000000100000000)
  region size 1024K, 14 young (14336K), 14 survivors (14336K)
 Metaspace       used 120704K, committed 122368K, reserved 557056K
  class space    used 16749K, committed 17536K, reserved 425984K
}

Deoptimization events (20 events):
Event: 199.065 Thread 0x000001fbfe8145e0 Uncommon trap: trap_request=0xffffff45 fr.pc=0x000001fbd36863b0 relative=0x00000000000006f0
Event: 199.065 Thread 0x000001fbfe8145e0 Uncommon trap: reason=unstable_if action=reinterpret pc=0x000001fbd36863b0 method=java.lang.Integer.stringSize(I)I @ 3 c2
Event: 199.065 Thread 0x000001fbfe8145e0 DEOPT PACKING pc=0x000001fbd36863b0 sp=0x000000a3a55f8f70
Event: 199.065 Thread 0x000001fbfe8145e0 DEOPT UNPACKING pc=0x000001fbd2a75ba3 sp=0x000000a3a55f8e78 mode 2
Event: 199.065 Thread 0x000001fbfe8145e0 Uncommon trap: trap_request=0xffffff45 fr.pc=0x000001fbd32160ec relative=0x00000000000006ac
Event: 199.065 Thread 0x000001fbfe8145e0 Uncommon trap: reason=unstable_if action=reinterpret pc=0x000001fbd32160ec method=java.lang.Integer.stringSize(I)I @ 3 c2
Event: 199.065 Thread 0x000001fbfe8145e0 DEOPT PACKING pc=0x000001fbd32160ec sp=0x000000a3a55f8f10
Event: 199.065 Thread 0x000001fbfe8145e0 DEOPT UNPACKING pc=0x000001fbd2a75ba3 sp=0x000000a3a55f8e70 mode 2
Event: 199.392 Thread 0x000001fbfe8145e0 Uncommon trap: trap_request=0xffffffbe fr.pc=0x000001fbd32cc8d4 relative=0x0000000000000334
Event: 199.392 Thread 0x000001fbfe8145e0 Uncommon trap: reason=profile_predicate action=maybe_recompile pc=0x000001fbd32cc8d4 method=java.util.HashMap.keysToArray([Ljava/lang/Object;)[Ljava/lang/Object; @ 32 c2
Event: 199.392 Thread 0x000001fbfe8145e0 DEOPT PACKING pc=0x000001fbd32cc8d4 sp=0x000000a3a55f7a90
Event: 199.392 Thread 0x000001fbfe8145e0 DEOPT UNPACKING pc=0x000001fbd2a75ba3 sp=0x000000a3a55f7a40 mode 2
Event: 199.394 Thread 0x000001fbfe8145e0 Uncommon trap: trap_request=0xffffff76 fr.pc=0x000001fbd340742c relative=0x000000000000020c
Event: 199.394 Thread 0x000001fbfe8145e0 Uncommon trap: reason=predicate action=maybe_recompile pc=0x000001fbd340742c method=java.util.HashMap.keysToArray([Ljava/lang/Object;)[Ljava/lang/Object; @ 48 c2
Event: 199.394 Thread 0x000001fbfe8145e0 DEOPT PACKING pc=0x000001fbd340742c sp=0x000000a3a55f7a90
Event: 199.395 Thread 0x000001fbfe8145e0 DEOPT UNPACKING pc=0x000001fbd2a75ba3 sp=0x000000a3a55f7a38 mode 2
Event: 199.521 Thread 0x000001fbfe8145e0 Uncommon trap: trap_request=0xffffff45 fr.pc=0x000001fbd387bb08 relative=0x00000000000006a8
Event: 199.521 Thread 0x000001fbfe8145e0 Uncommon trap: reason=unstable_if action=reinterpret pc=0x000001fbd387bb08 method=it.unimi.dsi.fastutil.objects.ReferenceOpenHashSet.shiftKeys(I)V @ 50 c2
Event: 199.521 Thread 0x000001fbfe8145e0 DEOPT PACKING pc=0x000001fbd387bb08 sp=0x000000a3a55f8e60
Event: 199.521 Thread 0x000001fbfe8145e0 DEOPT UNPACKING pc=0x000001fbd2a75ba3 sp=0x000000a3a55f8be8 mode 2

Classes unloaded (4 events):
Event: 155.828 Thread 0x000001fbe1e1b820 Unloading class 0x000001fbe3bac400 'java/lang/invoke/LambdaForm$DMH+0x000001fbe3bac400'
Event: 155.828 Thread 0x000001fbe1e1b820 Unloading class 0x000001fbe3b88c00 'jdk/internal/reflect/GeneratedSerializationConstructorAccessor57'
Event: 155.829 Thread 0x000001fbe1e1b820 Unloading class 0x000001fbe3b64400 'java/lang/invoke/LambdaForm$DMH+0x000001fbe3b64400'
Event: 155.829 Thread 0x000001fbe1e1b820 Unloading class 0x000001fbe3b4c800 'java/lang/invoke/LambdaForm$DMH+0x000001fbe3b4c800'

Classes redefined (0 events):
No events

Internal exceptions (20 events):
Event: 197.667 Thread 0x000001fbfe8145e0 Exception <a 'java/lang/ClassNotFoundException'{0x0000000092bf3348}: com/android/build/gradle/internal/tasks/MergeNativeLibsTaskCustomizer> (0x0000000092bf3348) 
thrown [s\open\src\hotspot\share\classfile\systemDictionary.cpp, line 256]
Event: 197.672 Thread 0x000001fbfe8145e0 Exception <a 'java/lang/ClassNotFoundException'{0x0000000092a32aa8}: com/android/build/gradle/internal/tasks/MergeNativeLibsTask_DecoratedCustomizer> (0x0000000092a32aa8) 
thrown [s\open\src\hotspot\share\classfile\systemDictionary.cpp, line 256]
Event: 198.039 Thread 0x000001fbfe8145e0 Exception <a 'java/lang/ClassNotFoundException'{0x0000000092742580}: build_7l03at9te8sf94iubwflfo4oiBeanInfo> (0x0000000092742580) 
thrown [s\open\src\hotspot\share\classfile\systemDictionary.cpp, line 256]
Event: 198.040 Thread 0x000001fbfe8145e0 Exception <a 'java/lang/ClassNotFoundException'{0x0000000092750648}: build_7l03at9te8sf94iubwflfo4oiCustomizer> (0x0000000092750648) 
thrown [s\open\src\hotspot\share\classfile\systemDictionary.cpp, line 256]
Event: 198.176 Thread 0x000001fbfe8145e0 Exception <a 'java/lang/ClassNotFoundException'{0x00000000923846e0}: ExpoModulesCorePlugin_cw9ggkpbaltbjg7bsizn3yzcuBeanInfo> (0x00000000923846e0) 
thrown [s\open\src\hotspot\share\classfile\systemDictionary.cpp, line 256]
Event: 198.177 Thread 0x000001fbfe8145e0 Exception <a 'java/lang/ClassNotFoundException'{0x0000000092393f70}: ExpoModulesCorePlugin_cw9ggkpbaltbjg7bsizn3yzcuCustomizer> (0x0000000092393f70) 
thrown [s\open\src\hotspot\share\classfile\systemDictionary.cpp, line 256]
Event: 198.252 Thread 0x000001fbfe8145e0 Exception <a 'java/lang/ClassNotFoundException'{0x00000000920579d8}: KotlinExpoModulesCorePluginBeanInfo> (0x00000000920579d8) 
thrown [s\open\src\hotspot\share\classfile\systemDictionary.cpp, line 256]
Event: 198.253 Thread 0x000001fbfe8145e0 Exception <a 'java/lang/ClassNotFoundException'{0x000000009206e1e8}: KotlinExpoModulesCorePluginCustomizer> (0x000000009206e1e8) 
thrown [s\open\src\hotspot\share\classfile\systemDictionary.cpp, line 256]
Event: 198.308 Thread 0x000001fbfe8145e0 Exception <a 'java/lang/ClassNotFoundException'{0x0000000091cabab8}: org/gradle/api/internal/component/DefaultSoftwareComponentContainer_DecoratedBeanInfo> (0x0000000091cabab8) 
thrown [s\open\src\hotspot\share\classfile\systemDictionary.cpp, line 256]
Event: 198.309 Thread 0x000001fbfe8145e0 Exception <a 'java/lang/ClassNotFoundException'{0x0000000091cc9200}: org/gradle/api/internal/component/DefaultSoftwareComponentContainerBeanInfo> (0x0000000091cc9200) 
thrown [s\open\src\hotspot\share\classfile\systemDictionary.cpp, line 256]
Event: 198.310 Thread 0x000001fbfe8145e0 Exception <a 'java/lang/ClassNotFoundException'{0x0000000091ce6730}: org/gradle/api/internal/DefaultPolymorphicDomainObjectContainerBeanInfo> (0x0000000091ce6730) 
thrown [s\open\src\hotspot\share\classfile\systemDictionary.cpp, line 256]
Event: 198.311 Thread 0x000001fbfe8145e0 Exception <a 'java/lang/ClassNotFoundException'{0x0000000091b04260}: org/gradle/api/internal/AbstractPolymorphicDomainObjectContainerBeanInfo> (0x0000000091b04260) 
thrown [s\open\src\hotspot\share\classfile\systemDictionary.cpp, line 256]
Event: 198.311 Thread 0x000001fbfe8145e0 Exception <a 'java/lang/ClassNotFoundException'{0x0000000091b217e0}: org/gradle/api/internal/AbstractPolymorphicDomainObjectContainerCustomizer> (0x0000000091b217e0) 
thrown [s\open\src\hotspot\share\classfile\systemDictionary.cpp, line 256]
Event: 198.325 Thread 0x000001fbfe8145e0 Exception <a 'java/lang/ClassNotFoundException'{0x0000000091b52808}: org/gradle/api/internal/DefaultPolymorphicDomainObjectContainerCustomizer> (0x0000000091b52808) 
thrown [s\open\src\hotspot\share\classfile\systemDictionary.cpp, line 256]
Event: 198.326 Thread 0x000001fbfe8145e0 Exception <a 'java/lang/ClassNotFoundException'{0x0000000091b845d0}: org/gradle/api/internal/component/DefaultSoftwareComponentContainerCustomizer> (0x0000000091b845d0) 
thrown [s\open\src\hotspot\share\classfile\systemDictionary.cpp, line 256]
Event: 198.328 Thread 0x000001fbfe8145e0 Exception <a 'java/lang/ClassNotFoundException'{0x0000000091baf6b0}: org/gradle/api/internal/component/DefaultSoftwareComponentContainer_DecoratedCustomizer> (0x0000000091baf6b0) 
thrown [s\open\src\hotspot\share\classfile\systemDictionary.cpp, line 256]
Event: 198.631 Thread 0x000001fbfe8145e0 Exception <a 'java/lang/ClassNotFoundException'{0x0000000091a52970}: build_7l03at9te8sf94iubwflfo4oi$_run_closure2BeanInfo> (0x0000000091a52970) 
thrown [s\open\src\hotspot\share\classfile\systemDictionary.cpp, line 256]
Event: 198.631 Thread 0x000001fbfe8145e0 Exception <a 'java/lang/ClassNotFoundException'{0x0000000091a63700}: build_7l03at9te8sf94iubwflfo4oi$_run_closure2Customizer> (0x0000000091a63700) 
thrown [s\open\src\hotspot\share\classfile\systemDictionary.cpp, line 256]
Event: 199.351 Thread 0x000001fbfe8145e0 Exception <a 'java/lang/ClassNotFoundException'{0x0000000090f29538}: com/android/build/gradle/internal/dsl/decorator/LockableListBeanInfo> (0x0000000090f29538) 
thrown [s\open\src\hotspot\share\classfile\systemDictionary.cpp, line 256]
Event: 199.352 Thread 0x000001fbfe8145e0 Exception <a 'java/lang/ClassNotFoundException'{0x0000000090f3fd78}: com/android/build/gradle/internal/dsl/decorator/LockableListCustomizer> (0x0000000090f3fd78) 
thrown [s\open\src\hotspot\share\classfile\systemDictionary.cpp, line 256]

VM Operations (20 events):
Event: 191.466 Executing VM operation: HandshakeAllThreads
Event: 191.466 Executing VM operation: HandshakeAllThreads done
Event: 192.473 Executing VM operation: Cleanup
Event: 192.473 Executing VM operation: Cleanup done
Event: 193.482 Executing VM operation: Cleanup
Event: 193.482 Executing VM operation: Cleanup done
Event: 194.492 Executing VM operation: Cleanup
Event: 194.492 Executing VM operation: Cleanup done
Event: 195.507 Executing VM operation: Cleanup
Event: 195.507 Executing VM operation: Cleanup done
Event: 196.518 Executing VM operation: Cleanup
Event: 196.518 Executing VM operation: Cleanup done
Event: 196.740 Executing VM operation: G1CollectForAllocation
Event: 196.756 Executing VM operation: G1CollectForAllocation done
Event: 197.758 Executing VM operation: Cleanup
Event: 197.776 Executing VM operation: Cleanup done
Event: 198.789 Executing VM operation: Cleanup
Event: 198.790 Executing VM operation: Cleanup done
Event: 199.792 Executing VM operation: Cleanup
Event: 199.792 Executing VM operation: Cleanup done

Events (20 events):
Event: 197.502 loading class java/io/FilterOutputStreamBeanInfo
Event: 197.502 loading class java/io/FilterOutputStreamBeanInfo done
Event: 197.504 loading class java/io/FilterOutputStreamBeanInfo
Event: 197.504 loading class java/io/FilterOutputStreamBeanInfo done
Event: 197.505 loading class java/io/OutputStreamBeanInfo
Event: 197.505 loading class java/io/OutputStreamBeanInfo done
Event: 197.506 loading class java/io/OutputStreamBeanInfo
Event: 197.506 loading class java/io/OutputStreamBeanInfo done
Event: 197.506 loading class java/io/OutputStreamCustomizer
Event: 197.507 loading class java/io/OutputStreamCustomizer done
Event: 197.508 loading class java/io/OutputStreamCustomizer
Event: 197.508 loading class java/io/OutputStreamCustomizer done
Event: 197.509 loading class java/io/FilterOutputStreamCustomizer
Event: 197.509 loading class java/io/FilterOutputStreamCustomizer done
Event: 197.510 loading class java/io/FilterOutputStreamCustomizer
Event: 197.510 loading class java/io/FilterOutputStreamCustomizer done
Event: 197.511 loading class java/io/PrintStreamCustomizer
Event: 197.511 loading class java/io/PrintStreamCustomizer done
Event: 197.512 loading class java/io/PrintStreamCustomizer
Event: 197.512 loading class java/io/PrintStreamCustomizer done


Dynamic libraries:
0x00007ff606b00000 - 0x00007ff606b10000 	C:\Program Files\Java\jdk-17\bin\java.exe
0x00007ff8d9ee0000 - 0x00007ff8da146000 	C:\WINDOWS\SYSTEM32\ntdll.dll
0x00007ff8d8840000 - 0x00007ff8d8909000 	C:\WINDOWS\System32\KERNEL32.DLL
0x00007ff8d7550000 - 0x00007ff8d794e000 	C:\WINDOWS\System32\KERNELBASE.dll
0x00007ff8d79f0000 - 0x00007ff8d7b3c000 	C:\WINDOWS\System32\ucrtbase.dll
0x00007ff8c6c70000 - 0x00007ff8c6c89000 	C:\Program Files\Java\jdk-17\bin\jli.dll
0x00007ff8c6790000 - 0x00007ff8c67ab000 	C:\Program Files\Java\jdk-17\bin\VCRUNTIME140.dll
0x00007ff8d9310000 - 0x00007ff8d93c7000 	C:\WINDOWS\System32\ADVAPI32.dll
0x00007ff8d93e0000 - 0x00007ff8d9489000 	C:\WINDOWS\System32\msvcrt.dll
0x00007ff8d7fa0000 - 0x00007ff8d804a000 	C:\WINDOWS\System32\sechost.dll
0x00007ff8d7df0000 - 0x00007ff8d7f08000 	C:\WINDOWS\System32\RPCRT4.dll
0x00007ff8d7c20000 - 0x00007ff8d7de7000 	C:\WINDOWS\System32\USER32.dll
0x00007ff8d73a0000 - 0x00007ff8d73c7000 	C:\WINDOWS\System32\win32u.dll
0x00007ff8d89f0000 - 0x00007ff8d8a1b000 	C:\WINDOWS\System32\GDI32.dll
0x00007ff8d71c0000 - 0x00007ff8d72ea000 	C:\WINDOWS\System32\gdi32full.dll
0x00007ff8d72f0000 - 0x00007ff8d7393000 	C:\WINDOWS\System32\msvcp_win.dll
0x00007ff8ba2a0000 - 0x00007ff8ba532000 	C:\WINDOWS\WinSxS\amd64_microsoft.windows.common-controls_6595b64144ccf1df_6.0.26100.8875_none_3e0d5d42e32fe9dd\COMCTL32.dll
0x00007ff8c7e70000 - 0x00007ff8c7e7b000 	C:\WINDOWS\SYSTEM32\VERSION.dll
0x00007ff8d8800000 - 0x00007ff8d8832000 	C:\WINDOWS\System32\IMM32.DLL
0x00007ff8d30e0000 - 0x00007ff8d30ec000 	C:\Program Files\Java\jdk-17\bin\vcruntime140_1.dll
0x00007ff876730000 - 0x00007ff8767be000 	C:\Program Files\Java\jdk-17\bin\msvcp140.dll
0x00007ff82fec0000 - 0x00007ff830aa0000 	C:\Program Files\Java\jdk-17\bin\server\jvm.dll
0x00007ff8d7c10000 - 0x00007ff8d7c18000 	C:\WINDOWS\System32\PSAPI.DLL
0x00007ff8d4810000 - 0x00007ff8d4846000 	C:\WINDOWS\SYSTEM32\WINMM.dll
0x00007ff8bd2f0000 - 0x00007ff8bd2fa000 	C:\WINDOWS\SYSTEM32\WSOCK32.dll
0x00007ff8d8050000 - 0x00007ff8d80d0000 	C:\WINDOWS\System32\ws2_32.DLL
0x00007ff8d5de0000 - 0x00007ff8d5dfb000 	C:\WINDOWS\SYSTEM32\kernel.appcore.dll
0x00007ff8d11b0000 - 0x00007ff8d11ba000 	C:\Program Files\Java\jdk-17\bin\jimage.dll
0x00007ff8d4530000 - 0x00007ff8d4772000 	C:\WINDOWS\SYSTEM32\DBGHELP.DLL
0x00007ff8d8470000 - 0x00007ff8d87f3000 	C:\WINDOWS\System32\combase.dll
0x00007ff8d8910000 - 0x00007ff8d89e9000 	C:\WINDOWS\System32\OLEAUT32.dll
0x00007ff8d47d0000 - 0x00007ff8d480b000 	C:\WINDOWS\SYSTEM32\dbgcore.DLL
0x00007ff8d7100000 - 0x00007ff8d71ac000 	C:\WINDOWS\System32\bcryptPrimitives.dll
0x00007ff8c69d0000 - 0x00007ff8c69de000 	C:\Program Files\Java\jdk-17\bin\instrument.dll
0x00007ff8bf480000 - 0x00007ff8bf4a5000 	C:\Program Files\Java\jdk-17\bin\java.dll
0x00007ff876650000 - 0x00007ff876727000 	C:\Program Files\Java\jdk-17\bin\jsvml.dll
0x00007ff8d9490000 - 0x00007ff8d9c22000 	C:\WINDOWS\System32\SHELL32.dll
0x00007ff8d4b70000 - 0x00007ff8d5402000 	C:\WINDOWS\SYSTEM32\windows.storage.dll
0x00007ff8d9c30000 - 0x00007ff8d9d27000 	C:\WINDOWS\System32\SHCORE.dll
0x00007ff8d9220000 - 0x00007ff8d9287000 	C:\WINDOWS\System32\shlwapi.dll
0x00007ff8d7020000 - 0x00007ff8d7049000 	C:\WINDOWS\SYSTEM32\profapi.dll
0x00007ff8bca60000 - 0x00007ff8bca78000 	C:\Program Files\Java\jdk-17\bin\zip.dll
0x00007ff8bcad0000 - 0x00007ff8bcae9000 	C:\Program Files\Java\jdk-17\bin\net.dll
0x00007ff8d04d0000 - 0x00007ff8d05f7000 	C:\WINDOWS\SYSTEM32\WINHTTP.dll
0x00007ff8d6390000 - 0x00007ff8d63fc000 	C:\WINDOWS\system32\mswsock.dll
0x00007ff8bcab0000 - 0x00007ff8bcac6000 	C:\Program Files\Java\jdk-17\bin\nio.dll
0x00007ff8cf730000 - 0x00007ff8cf740000 	C:\Program Files\Java\jdk-17\bin\verify.dll
0x00007ff8c69e0000 - 0x00007ff8c6a07000 	C:\Users\rohit\.gradle\native\1def1411415f61bf3af743bc5b6707747c0891f09f0c88961ee8f79bc544acac\windows-amd64\native-platform.dll
0x00007ff8afef0000 - 0x00007ff8aff68000 	C:\Users\rohit\.gradle\native\0.2.7\x86_64-windows-gnu\gradle-fileevents.dll
0x00007ff8c7d10000 - 0x00007ff8c7d1a000 	C:\Program Files\Java\jdk-17\bin\management.dll
0x00007ff8c7890000 - 0x00007ff8c789b000 	C:\Program Files\Java\jdk-17\bin\management_ext.dll
0x00007ff8d5810000 - 0x00007ff8d5843000 	C:\WINDOWS\SYSTEM32\IPHLPAPI.DLL
0x00007ff8d93d0000 - 0x00007ff8d93da000 	C:\WINDOWS\System32\NSI.dll
0x00007ff8d0660000 - 0x00007ff8d067d000 	C:\WINDOWS\SYSTEM32\dhcpcsvc6.DLL
0x00007ff8d0600000 - 0x00007ff8d0625000 	C:\WINDOWS\SYSTEM32\dhcpcsvc.DLL
0x00007ff8d5850000 - 0x00007ff8d59a6000 	C:\WINDOWS\SYSTEM32\DNSAPI.dll
0x00007ff8d6190000 - 0x00007ff8d619d000 	C:\WINDOWS\SYSTEM32\DSPARSE.dll
0x00007ff8d6690000 - 0x00007ff8d66ab000 	C:\WINDOWS\SYSTEM32\CRYPTSP.dll
0x00007ff8d5d40000 - 0x00007ff8d5d79000 	C:\WINDOWS\system32\rsaenh.dll
0x00007ff8d6450000 - 0x00007ff8d6482000 	C:\WINDOWS\SYSTEM32\USERENV.dll
0x00007ff8d6ff0000 - 0x00007ff8d701a000 	C:\WINDOWS\SYSTEM32\bcrypt.dll
0x00007ff8d66b0000 - 0x00007ff8d66bc000 	C:\WINDOWS\SYSTEM32\CRYPTBASE.dll
0x00007ff8bead0000 - 0x00007ff8beade000 	C:\Program Files\Java\jdk-17\bin\sunmscapi.dll
0x00007ff8d73d0000 - 0x00007ff8d7548000 	C:\WINDOWS\System32\CRYPT32.dll
0x00007ff8d68d0000 - 0x00007ff8d6900000 	C:\WINDOWS\SYSTEM32\ncrypt.dll
0x00007ff8d6880000 - 0x00007ff8d68bf000 	C:\WINDOWS\SYSTEM32\NTASN1.dll
0x00007ff8c7d90000 - 0x00007ff8c7d98000 	C:\WINDOWS\system32\wshunix.dll

dbghelp: loaded successfully - version: 4.0.5 - missing functions: none
symbol engine: initialized successfully - sym options: 0x614 - pdb path: .;C:\Program Files\Java\jdk-17\bin;C:\WINDOWS\SYSTEM32;C:\WINDOWS\WinSxS\amd64_microsoft.windows.common-controls_6595b64144ccf1df_6.0.26100.8875_none_3e0d5d42e32fe9dd;C:\Program Files\Java\jdk-17\bin\server;C:\Users\rohit\.gradle\native\1def1411415f61bf3af743bc5b6707747c0891f09f0c88961ee8f79bc544acac\windows-amd64;C:\Users\rohit\.gradle\native\0.2.7\x86_64-windows-gnu

VM Arguments:
jvm_args: --add-opens=java.base/java.lang=ALL-UNNAMED --add-opens=java.base/java.lang.invoke=ALL-UNNAMED --add-opens=java.base/java.util=ALL-UNNAMED --add-opens=java.prefs/java.util.prefs=ALL-UNNAMED --add-exports=jdk.compiler/com.sun.tools.javac.api=ALL-UNNAMED --add-exports=jdk.compiler/com.sun.tools.javac.util=ALL-UNNAMED --add-opens=java.base/java.util=ALL-UNNAMED --add-opens=java.prefs/java.util.prefs=ALL-UNNAMED --add-opens=java.base/java.nio.charset=ALL-UNNAMED --add-opens=java.base/java.net=ALL-UNNAMED --add-opens=java.base/java.util.concurrent.atomic=ALL-UNNAMED --add-opens=java.xml/javax.xml.namespace=ALL-UNNAMED -XX:MaxMetaspaceSize=512m -XX:+HeapDumpOnOutOfMemoryError -Xmx2g -Dfile.encoding=UTF-8 -Duser.country=IN -Duser.language=en -Duser.variant -javaagent:C:\Users\rohit\.gradle\wrapper\dists\gradle-8.13-all\54h0s9kvb6g2sinako7ub77ku\gradle-8.13\lib\agents\gradle-instrumentation-agent-8.13.jar 
java_command: org.gradle.launcher.daemon.bootstrap.GradleDaemon 8.13
java_class_path (initial): C:\Users\rohit\.gradle\wrapper\dists\gradle-8.13-all\54h0s9kvb6g2sinako7ub77ku\gradle-8.13\lib\gradle-daemon-main-8.13.jar
Launcher Type: SUN_STANDARD

[Global flags]
     intx CICompilerCount                          = 4                                         {product} {ergonomic}
   size_t CompressedClassSpaceSize                 = 436207616                                 {product} {ergonomic}
     uint ConcGCThreads                            = 2                                         {product} {ergonomic}
     uint G1ConcRefinementThreads                  = 8                                         {product} {ergonomic}
   size_t G1HeapRegionSize                         = 1048576                                   {product} {ergonomic}
    uintx GCDrainStackTargetSize                   = 64                                        {product} {ergonomic}
     bool HeapDumpOnOutOfMemoryError               = true                                   {manageable} {command line}
   size_t InitialHeapSize                          = 130023424                                 {product} {ergonomic}
   size_t MarkStackSize                            = 4194304                                   {product} {ergonomic}
   size_t MaxHeapSize                              = 2147483648                                {product} {command line}
   size_t MaxMetaspaceSize                         = 536870912                                 {product} {command line}
   size_t MaxNewSize                               = 1287651328                                {product} {ergonomic}
   size_t MinHeapDeltaBytes                        = 1048576                                   {product} {ergonomic}
   size_t MinHeapSize                              = 8388608                                   {product} {ergonomic}
    uintx NonNMethodCodeHeapSize                   = 5839372                                {pd product} {ergonomic}
    uintx NonProfiledCodeHeapSize                  = 122909434                              {pd product} {ergonomic}
    uintx ProfiledCodeHeapSize                     = 122909434                              {pd product} {ergonomic}
    uintx ReservedCodeCacheSize                    = 251658240                              {pd product} {ergonomic}
     bool SegmentedCodeCache                       = true                                      {product} {ergonomic}
   size_t SoftMaxHeapSize                          = 2147483648                             {manageable} {ergonomic}
     bool UseCompressedClassPointers               = true                           {product lp64_product} {ergonomic}
     bool UseCompressedOops                        = true                           {product lp64_product} {ergonomic}
     bool UseG1GC                                  = true                                      {product} {ergonomic}
     bool UseLargePagesIndividualAllocation        = false                                  {pd product} {ergonomic}

Logging:
Log output configuration:
 #0: stdout all=warning uptime,level,tags
 #1: stderr all=off uptime,level,tags

Environment Variables:
PATH=C:\Users\rohit\aparna\Biz\BizConsultancyApp\node_modules\.bin;C:\Users\rohit\aparna\Biz\node_modules\.bin;C:\Users\rohit\aparna\node_modules\.bin;C:\Users\rohit\node_modules\.bin;C:\Users\node_modules\.bin;C:\node_modules\.bin;C:\Users\rohit\AppData\Local\nvm\v20.20.2\node_modules\npm\node_modules\@npmcli\run-script\lib\node-gyp-bin;C:\Program Files\Java\jdk-17\bin;C:\Program Files\Common Files\Oracle\Java\javapath;C:\Python312\Scripts\;C:\Python312\;C:\ReactNative\hostel\.expo;C:\ProgramData\chocolatey\bin;C:\WINDOWS\system32;C:\WINDOWS;C:\WINDOWS\System32\Wbem;C:\WINDOWS\System32\WindowsPowerShell\v1.0\;C:\WINDOWS\System32\OpenSSH\;php-8.2;C:\Program Files\PuTTY\;C:\src\flutter_windows_3.24.2-stable\flutter\bin;C:\Program Files\Git\cmd;C:\Users\rohit\AppData\Local\Android\Sdk\platform-tools;C:\Users\rohit\AppData\Local\Pub\Cache\bin;C:\composer;C:\Users\rohit\AppData\Local\nvm;C:\nvm4w\nodejs;C:\Program Files\Docker\Docker\resources\bin;C:\Program Files\cursor\resources\app\bin;C:\Program Files\Java\jdk-17\bin;C:\Users\rohit\AppData\Roaming\Composer\vendor\bin;C:\ReactNative\hostel\.expo;C:\Program Files\Git\bin;C:\Users\rohit\AppData\Local\Microsoft\WindowsApps;C:\src\flutter_windows_3.24.2-stable\flutter\bin;C:\Users\rohit\AppData\Roaming\npm;C:\Users\rohit\AppData\Local\Programs\Microsoft VS Code\bin;C:\Users\rohit\AppData\Local\GitHubDesktop\bin;C:\wamp64\bin\php\php8.2.29\;C:\Users\rohit\AppData\Local\nvm;C:\nvm4w\nodejs;C:\Users\rohit\AppData\Local\Programs\cursor\resources\app\bin;c:\Users\rohit\.cursor\extensions\vscjava.vscode-java-debug-0.59.0-universal\bundled\scripts\noConfigScripts
USERNAME=rohit
LANG=en_US.UTF-8
OS=Windows_NT
PROCESSOR_IDENTIFIER=Intel64 Family 6 Model 140 Stepping 1, GenuineIntel



---------------  S Y S T E M  ---------------

OS:
 Windows 11 , 64 bit Build 26100 (10.0.26100.8875)
OS uptime: 1 days 5:02 hours
Hyper-V role detected

CPU: total 8 (initial active 8) (4 cores per cpu, 2 threads per core) family 6 model 140 stepping 1 microcode 0x86, cx8, cmov, fxsr, ht, mmx, 3dnowpref, sse, sse2, sse3, ssse3, sse4.1, sse4.2, popcnt, lzcnt, tsc, tscinvbit, avx, avx2, aes, erms, clmul, bmi1, bmi2, adx, avx512f, avx512dq, avx512cd, avx512bw, avx512vl, sha, fma, vzeroupper, avx512_vpopcntdq, avx512_vpclmulqdq, avx512_vaes, avx512_vnni, clflush, clflushopt, clwb, avx512_vbmi2, avx512_vbmi, hv

Memory: 4k page, system-wide physical 7890M (294M free)
TotalPageFile size 32466M (AvailPageFile size 33M)
current process WorkingSet (physical memory assigned to process): 486M, peak: 505M
current process commit charge ("private bytes"): 699M, peak: 704M

vm_info: Java HotSpot(TM) 64-Bit Server VM (17.0.11+7-LTS-207) for windows-amd64 JRE (17.0.11+7-LTS-207), built on Mar 11 2024 19:01:50 by "mach5one" with MS VC++ 17.6 (VS2022)

END.
