#
# There is insufficient memory for the Java Runtime Environment to continue.
# Native memory allocation (mmap) failed to map 256901120 bytes for G1 virtual space
# Possible reasons:
#   The system is out of physical RAM or swap space
#   The process is running with CompressedOops enabled, and the Java Heap may be blocking the growth of the native heap
# Possible solutions:
#   Reduce memory load on the system
#   Increase physical memory or swap space
#   Check if swap backing store is full
#   Decrease Java heap size (-Xmx/-Xms)
#   Decrease number of Java threads
#   Decrease Java thread stack sizes (-Xss)
#   Set larger code cache with -XX:ReservedCodeCacheSize=
#   JVM is running with Unscaled Compressed Oops mode in which the Java heap is
#     placed in the first 4GB address space. The Java Heap base address is the
#     maximum limit for the native heap growth. Please use -XX:HeapBaseMinAddress
#     to set the Java Heap base and to place the Java Heap above 4GB virtual address.
# This output file may be truncated or incomplete.
#
#  Out of Memory Error (os_windows.cpp:3548), pid=23336, tid=23084
#
# JRE version: Java(TM) SE Runtime Environment (17.0.11+7) (build 17.0.11+7-LTS-207)
# Java VM: Java HotSpot(TM) 64-Bit Server VM (17.0.11+7-LTS-207, mixed mode, sharing, tiered, compressed oops, compressed class ptrs, g1 gc, windows-amd64)
# No core dump will be written. Minidumps are not enabled by default on client versions of Windows
#

---------------  S U M M A R Y ------------

Command Line: --add-opens=java.base/java.lang=ALL-UNNAMED --add-opens=java.base/java.lang.invoke=ALL-UNNAMED --add-opens=java.base/java.util=ALL-UNNAMED --add-opens=java.prefs/java.util.prefs=ALL-UNNAMED --add-exports=jdk.compiler/com.sun.tools.javac.api=ALL-UNNAMED --add-exports=jdk.compiler/com.sun.tools.javac.util=ALL-UNNAMED --add-opens=java.base/java.util=ALL-UNNAMED --add-opens=java.prefs/java.util.prefs=ALL-UNNAMED --add-opens=java.base/java.nio.charset=ALL-UNNAMED --add-opens=java.base/java.net=ALL-UNNAMED --add-opens=java.base/java.util.concurrent.atomic=ALL-UNNAMED --add-opens=java.xml/javax.xml.namespace=ALL-UNNAMED -XX:MaxMetaspaceSize=512m -XX:+HeapDumpOnOutOfMemoryError -Xmx2g -Dfile.encoding=UTF-8 -Duser.country=IN -Duser.language=en -Duser.variant -javaagent:C:\Users\rohit\.gradle\wrapper\dists\gradle-8.13-all\54h0s9kvb6g2sinako7ub77ku\gradle-8.13\lib\agents\gradle-instrumentation-agent-8.13.jar org.gradle.launcher.daemon.bootstrap.GradleDaemon 8.13

Host: 11th Gen Intel(R) Core(TM) i5-1135G7 @ 2.40GHz, 8 cores, 7G,  Windows 11 , 64 bit Build 26100 (10.0.26100.8875)
Time: Tue Jul 21 15:30:13 2026 India Standard Time elapsed time: 131.848563 seconds (0d 0h 2m 11s)

---------------  T H R E A D  ---------------

Current thread (0x000001aa7f11bf50):  VMThread "VM Thread" [stack: 0x00000066b2800000,0x00000066b2900000] [id=23084]

Stack: [0x00000066b2800000,0x00000066b2900000]
Native frames: (J=compiled Java code, j=interpreted, Vv=VM code, C=native code)
V  [jvm.dll+0x679cca]
V  [jvm.dll+0x7da13d]
V  [jvm.dll+0x7dba83]
V  [jvm.dll+0x7dc0f3]
V  [jvm.dll+0x2449af]
V  [jvm.dll+0x676ce9]
V  [jvm.dll+0x66b852]
V  [jvm.dll+0x3018d6]
V  [jvm.dll+0x308e76]
V  [jvm.dll+0x3596ee]
V  [jvm.dll+0x35991f]
V  [jvm.dll+0x2d89a8]
V  [jvm.dll+0x2d6ddd]
V  [jvm.dll+0x2d642c]
V  [jvm.dll+0x319f8b]
V  [jvm.dll+0x7e09eb]
V  [jvm.dll+0x7e1724]
V  [jvm.dll+0x7e1c3d]
V  [jvm.dll+0x7e2014]
V  [jvm.dll+0x7e20e0]
V  [jvm.dll+0x78a85a]
V  [jvm.dll+0x678bb5]
C  [ucrtbase.dll+0x2cd30]
C  [KERNEL32.DLL+0x2e957]
C  [ntdll.dll+0xaad6c]

VM_Operation (0x00000066b7bfd390): G1CollectForAllocation, mode: safepoint, requested by thread 0x000001aa214b1990


---------------  P R O C E S S  ---------------

Threads class SMR info:
_java_thread_list=0x000001aa7fae2a20, length=156, elements={
0x000001aa60efbd80, 0x000001aa7f11f5a0, 0x000001aa7f120070, 0x000001aa7f137f80,
0x000001aa7f13a860, 0x000001aa7f13b130, 0x000001aa7f13ba00, 0x000001aa7f13c6b0,
0x000001aa7f13d070, 0x000001aa7f13f990, 0x000001aa7f369050, 0x000001aa7f3ed1e0,
0x000001aa1f60b8e0, 0x000001aa1fdf0ff0, 0x000001aa1feea5b0, 0x000001aa1f413c40,
0x000001aa1f415aa0, 0x000001aa21272570, 0x000001aa21272060, 0x000001aa212743d0,
0x000001aa21274df0, 0x000001aa212739b0, 0x000001aa21271640, 0x000001aa21276230,
0x000001aa21275810, 0x000001aa21276740, 0x000001aa21272f90, 0x000001aa21276c50,
0x000001aa21277160, 0x000001aa21277670, 0x000001aa21273ec0, 0x000001aa21278090,
0x000001aa212785a0, 0x000001aa1f4173f0, 0x000001aa1f414150, 0x000001aa1f414b70,
0x000001aa1f415080, 0x000001aa1f415fb0, 0x000001aa1f4169d0, 0x000001aa1f416ee0,
0x000001aa205086c0, 0x000001aa2050aa30, 0x000001aa20509b00, 0x000001aa2050a520,
0x000001aa20508bd0, 0x000001aa2050b450, 0x000001aa2050a010, 0x000001aa205090e0,
0x000001aa205095f0, 0x000001aa2050af40, 0x000001aa20507ca0, 0x000001aa2050b960,
0x000001aa205081b0, 0x000001aa2050d7c0, 0x000001aa2050c380, 0x000001aa2050e1e0,
0x000001aa2050ec00, 0x000001aa2050f110, 0x000001aa2050f620, 0x000001aa2050be70,
0x000001aa2050dcd0, 0x000001aa2050e6f0, 0x000001aa2050c890, 0x000001aa2050cda0,
0x000001aa2050d2b0, 0x000001aa214aec00, 0x000001aa214ac380, 0x000001aa214ad2b0,
0x000001aa214af110, 0x000001aa214af620, 0x000001aa214afb30, 0x000001aa214acda0,
0x000001aa214ad7c0, 0x000001aa214b1480, 0x000001aa214b1990, 0x000001aa214b32e0,
0x000001aa214b0040, 0x000001aa214b37f0, 0x000001aa214b1ea0, 0x000001aa214b0a60,
0x000001aa214b0f70, 0x000001aa214b3d00, 0x000001aa214b23b0, 0x000001aa214b0550,
0x000001aa214b28c0, 0x000001aa214b2dd0, 0x000001aa216fb950, 0x000001aa216fcd90,
0x000001aa216fc370, 0x000001aa216fa000, 0x000001aa216fd7b0, 0x000001aa216fb440,
0x000001aa216fd2a0, 0x000001aa216fdcc0, 0x000001aa216fbe60, 0x000001aa216fa510,
0x000001aa216fc880, 0x000001aa216fe1d0, 0x000001aa216faa20, 0x000001aa216fe6e0,
0x000001aa216faf30, 0x000001aa216febf0, 0x000001aa216ff100, 0x000001aa216ff610,
0x000001aa216ffb20, 0x000001aa21700a50, 0x000001aa21700f60, 0x000001aa21700030,
0x000001aa21701470, 0x000001aa21700540, 0x000001aa21701980, 0x000001aa248a05e0,
0x000001aa248a1f30, 0x000001aa248a2440, 0x000001aa248a3880, 0x000001aa248a1a20,
0x000001aa248a3370, 0x000001aa248a0af0, 0x000001aa248a2e60, 0x000001aa248a2950,
0x000001aa248a1510, 0x000001aa248a00d0, 0x000001aa248a47b0, 0x000001aa248a3d90,
0x000001aa248a42a0, 0x000001aa248a1000, 0x000001aa248a7030, 0x000001aa248a5bf0,
0x000001aa248a6610, 0x000001aa248a6b20, 0x000001aa248a7540, 0x000001aa248a7a50,
0x000001aa248a4cc0, 0x000001aa248a51d0, 0x000001aa248a56e0, 0x000001aa212748e0,
0x000001aa23032330, 0x000001aa230355d0, 0x000001aa23032d50, 0x000001aa23031e20,
0x000001aa23032840, 0x000001aa23035ff0, 0x000001aa230346a0, 0x000001aa23034bb0,
0x000001aa23036500, 0x000001aa23036a10, 0x000001aa23036f20, 0x000001aa23037430,
0x000001aa23033c80, 0x000001aa23037940, 0x000001aa23038360, 0x000001aa23038870,
0x000001aa2413bce0, 0x000001aa2413db40, 0x000001aa2413e560, 0x000001aa2413c1f0
}

Java Threads: ( => current thread )
  0x000001aa60efbd80 JavaThread "main" [_thread_blocked, id=22500, stack(0x00000066b2200000,0x00000066b2300000)]
  0x000001aa7f11f5a0 JavaThread "Reference Handler" daemon [_thread_blocked, id=33304, stack(0x00000066b2900000,0x00000066b2a00000)]
  0x000001aa7f120070 JavaThread "Finalizer" daemon [_thread_blocked, id=11196, stack(0x00000066b2a00000,0x00000066b2b00000)]
  0x000001aa7f137f80 JavaThread "Signal Dispatcher" daemon [_thread_blocked, id=25552, stack(0x00000066b2b00000,0x00000066b2c00000)]
  0x000001aa7f13a860 JavaThread "Attach Listener" daemon [_thread_blocked, id=4228, stack(0x00000066b2c00000,0x00000066b2d00000)]
  0x000001aa7f13b130 JavaThread "Service Thread" daemon [_thread_blocked, id=7360, stack(0x00000066b2d00000,0x00000066b2e00000)]
  0x000001aa7f13ba00 JavaThread "Monitor Deflation Thread" daemon [_thread_blocked, id=26004, stack(0x00000066b2e00000,0x00000066b2f00000)]
  0x000001aa7f13c6b0 JavaThread "C2 CompilerThread0" daemon [_thread_blocked, id=26704, stack(0x00000066b2f00000,0x00000066b3000000)]
  0x000001aa7f13d070 JavaThread "C1 CompilerThread0" daemon [_thread_blocked, id=17936, stack(0x00000066b3000000,0x00000066b3100000)]
  0x000001aa7f13f990 JavaThread "Sweeper thread" daemon [_thread_blocked, id=15476, stack(0x00000066b3100000,0x00000066b3200000)]
  0x000001aa7f369050 JavaThread "Common-Cleaner" daemon [_thread_blocked, id=33612, stack(0x00000066b3200000,0x00000066b3300000)]
  0x000001aa7f3ed1e0 JavaThread "Notification Thread" daemon [_thread_blocked, id=15700, stack(0x00000066b3300000,0x00000066b3400000)]
  0x000001aa1f60b8e0 JavaThread "Daemon health stats" [_thread_blocked, id=21684, stack(0x00000066b3500000,0x00000066b3600000)]
  0x000001aa1fdf0ff0 JavaThread "Incoming local TCP Connector on port 56173" [_thread_in_native, id=11564, stack(0x00000066b3a00000,0x00000066b3b00000)]
  0x000001aa1feea5b0 JavaThread "Daemon periodic checks" [_thread_blocked, id=9952, stack(0x00000066b3b00000,0x00000066b3c00000)]
  0x000001aa1f413c40 JavaThread "Cache worker for journal cache (C:\Users\rohit\.gradle\caches\journal-1)" [_thread_blocked, id=1412, stack(0x00000066b4300000,0x00000066b4400000)]
  0x000001aa1f415aa0 JavaThread "File lock request listener" [_thread_in_native, id=8712, stack(0x00000066b4400000,0x00000066b4500000)]
  0x000001aa21272570 JavaThread "Cache worker for file hash cache (C:\Users\rohit\.gradle\caches\8.13\fileHashes)" [_thread_blocked, id=32548, stack(0x00000066b4500000,0x00000066b4600000)]
  0x000001aa21272060 JavaThread "File watcher server" daemon [_thread_in_native, id=18576, stack(0x00000066b4c00000,0x00000066b4d00000)]
  0x000001aa212743d0 JavaThread "File watcher consumer" daemon [_thread_blocked, id=34680, stack(0x00000066b4d00000,0x00000066b4e00000)]
  0x000001aa21274df0 JavaThread "jar transforms" [_thread_blocked, id=24300, stack(0x00000066b4e00000,0x00000066b4f00000)]
  0x000001aa212739b0 JavaThread "Cache worker for file content cache (C:\Users\rohit\.gradle\caches\8.13\fileContent)" [_thread_blocked, id=32804, stack(0x00000066b5000000,0x00000066b5100000)]
  0x000001aa21271640 JavaThread "Daemon Thread 2" [_thread_blocked, id=32952, stack(0x00000066b1f00000,0x00000066b2000000)]
  0x000001aa21276230 JavaThread "Handler for socket connection from /127.0.0.1:56173 to /127.0.0.1:63475" [_thread_in_native, id=19172, stack(0x00000066b2100000,0x00000066b2200000)]
  0x000001aa21275810 JavaThread "Cancel handler" [_thread_blocked, id=23660, stack(0x00000066b3c00000,0x00000066b3d00000)]
  0x000001aa21276740 JavaThread "Daemon worker Thread 2" [_thread_blocked, id=5592, stack(0x00000066b3e00000,0x00000066b3f00000)]
  0x000001aa21272f90 JavaThread "Asynchronous log dispatcher for DefaultDaemonConnection: socket connection from /127.0.0.1:56173 to /127.0.0.1:63475" [_thread_blocked, id=32720, stack(0x00000066b3f00000,0x00000066b4000000)]
  0x000001aa21276c50 JavaThread "Stdin handler" [_thread_blocked, id=8504, stack(0x00000066b4000000,0x00000066b4100000)]
  0x000001aa21277160 JavaThread "Daemon client event forwarder" [_thread_blocked, id=34640, stack(0x00000066b4100000,0x00000066b4200000)]
  0x000001aa21277670 JavaThread "Cache worker for file hash cache (C:\Users\rohit\aparna\Biz\BizConsultancyApp\android\.gradle\8.13\fileHashes)" [_thread_blocked, id=23988, stack(0x00000066b4200000,0x00000066b4300000)]
  0x000001aa21273ec0 JavaThread "Cache worker for Build Output Cleanup Cache (C:\Users\rohit\aparna\Biz\BizConsultancyApp\android\.gradle\buildOutputCleanup)" [_thread_blocked, id=33204, stack(0x00000066b4900000,0x00000066b4a00000)]
  0x000001aa21278090 JavaThread "Cache worker for checksums cache (C:\Users\rohit\aparna\Biz\BizConsultancyApp\android\.gradle\8.13\checksums)" [_thread_blocked, id=14888, stack(0x00000066b4a00000,0x00000066b4b00000)]
  0x000001aa212785a0 JavaThread "Exec process Thread 4" [_thread_blocked, id=1516, stack(0x00000066b4f00000,0x00000066b5000000)]
  0x000001aa1f4173f0 JavaThread "Exec process Thread 5" [_thread_blocked, id=19384, stack(0x00000066b5100000,0x00000066b5200000)]
  0x000001aa1f414150 JavaThread "Exec process Thread 6" [_thread_blocked, id=25660, stack(0x00000066b5200000,0x00000066b5300000)]
  0x000001aa1f414b70 JavaThread "Cache worker for cache directory md-supplier (C:\Users\rohit\.gradle\caches\8.13\md-supplier)" [_thread_blocked, id=11836, stack(0x00000066b5300000,0x00000066b5400000)]
  0x000001aa1f415080 JavaThread "Cache worker for cache directory md-rule (C:\Users\rohit\.gradle\caches\8.13\md-rule)" [_thread_blocked, id=16144, stack(0x00000066b5400000,0x00000066b5500000)]
  0x000001aa1f415fb0 JavaThread "Cache worker for Build Output Cleanup Cache (C:\Users\rohit\aparna\Biz\BizConsultancyApp\node_modules\@react-native\gradle-plugin\.gradle\buildOutputCleanup)" [_thread_blocked, id=21500, stack(0x00000066b5500000,0x00000066b5600000)]
  0x000001aa1f4169d0 JavaThread "Unconstrained build operations" [_thread_blocked, id=21740, stack(0x00000066b5600000,0x00000066b5700000)]
  0x000001aa1f416ee0 JavaThread "Unconstrained build operations Thread 2" [_thread_blocked, id=21520, stack(0x00000066b5700000,0x00000066b5800000)]
  0x000001aa205086c0 JavaThread "Unconstrained build operations Thread 3" [_thread_blocked, id=34268, stack(0x00000066b5800000,0x00000066b5900000)]
  0x000001aa2050aa30 JavaThread "Unconstrained build operations Thread 4" [_thread_blocked, id=33084, stack(0x00000066b5900000,0x00000066b5a00000)]
  0x000001aa20509b00 JavaThread "Cache worker for Build Output Cleanup Cache (C:\Users\rohit\aparna\Biz\BizConsultancyApp\node_modules\expo-modules-autolinking\android\expo-gradle-plugin\.gradle\buildOutputCleanup)" [_thread_blocked, id=20640, stack(0x00000066b5a00000,0x00000066b5b00000)]
  0x000001aa2050a520 JavaThread "Unconstrained build operations Thread 5" [_thread_blocked, id=33752, stack(0x00000066b5b00000,0x00000066b5c00000)]
  0x000001aa20508bd0 JavaThread "Unconstrained build operations Thread 6" [_thread_blocked, id=644, stack(0x00000066b5c00000,0x00000066b5d00000)]
  0x000001aa2050b450 JavaThread "Unconstrained build operations Thread 7" [_thread_blocked, id=14480, stack(0x00000066b5d00000,0x00000066b5e00000)]
  0x000001aa2050a010 JavaThread "Unconstrained build operations Thread 8" [_thread_blocked, id=10824, stack(0x00000066b5e00000,0x00000066b5f00000)]
  0x000001aa205090e0 JavaThread "Unconstrained build operations Thread 9" [_thread_blocked, id=16700, stack(0x00000066b5f00000,0x00000066b6000000)]
  0x000001aa205095f0 JavaThread "Unconstrained build operations Thread 10" [_thread_blocked, id=22456, stack(0x00000066b6000000,0x00000066b6100000)]
  0x000001aa2050af40 JavaThread "Unconstrained build operations Thread 11" [_thread_blocked, id=28040, stack(0x00000066b6100000,0x00000066b6200000)]
  0x000001aa20507ca0 JavaThread "Unconstrained build operations Thread 12" [_thread_blocked, id=20092, stack(0x00000066b6200000,0x00000066b6300000)]
  0x000001aa2050b960 JavaThread "Unconstrained build operations Thread 13" [_thread_blocked, id=14160, stack(0x00000066b6300000,0x00000066b6400000)]
  0x000001aa205081b0 JavaThread "Unconstrained build operations Thread 14" [_thread_blocked, id=20832, stack(0x00000066b6400000,0x00000066b6500000)]
  0x000001aa2050d7c0 JavaThread "Unconstrained build operations Thread 15" [_thread_blocked, id=16728, stack(0x00000066b6500000,0x00000066b6600000)]
  0x000001aa2050c380 JavaThread "Unconstrained build operations Thread 16" [_thread_blocked, id=34556, stack(0x00000066b6600000,0x00000066b6700000)]
  0x000001aa2050e1e0 JavaThread "Unconstrained build operations Thread 17" [_thread_blocked, id=32976, stack(0x00000066b6700000,0x00000066b6800000)]
  0x000001aa2050ec00 JavaThread "Unconstrained build operations Thread 18" [_thread_blocked, id=13628, stack(0x00000066b6800000,0x00000066b6900000)]
  0x000001aa2050f110 JavaThread "Unconstrained build operations Thread 19" [_thread_blocked, id=10624, stack(0x00000066b6900000,0x00000066b6a00000)]
  0x000001aa2050f620 JavaThread "Unconstrained build operations Thread 20" [_thread_blocked, id=14748, stack(0x00000066b6a00000,0x00000066b6b00000)]
  0x000001aa2050be70 JavaThread "Unconstrained build operations Thread 21" [_thread_blocked, id=13188, stack(0x00000066b6b00000,0x00000066b6c00000)]
  0x000001aa2050dcd0 JavaThread "Unconstrained build operations Thread 22" [_thread_blocked, id=19116, stack(0x00000066b6c00000,0x00000066b6d00000)]
  0x000001aa2050e6f0 JavaThread "Unconstrained build operations Thread 23" [_thread_blocked, id=15304, stack(0x00000066b6d00000,0x00000066b6e00000)]
  0x000001aa2050c890 JavaThread "Unconstrained build operations Thread 24" [_thread_blocked, id=33208, stack(0x00000066b6e00000,0x00000066b6f00000)]
  0x000001aa2050cda0 JavaThread "Unconstrained build operations Thread 25" [_thread_blocked, id=19468, stack(0x00000066b6f00000,0x00000066b7000000)]
  0x000001aa2050d2b0 JavaThread "build event listener" [_thread_blocked, id=4824, stack(0x00000066b7100000,0x00000066b7200000)]
  0x000001aa214aec00 JavaThread "Memory manager" [_thread_blocked, id=33988, stack(0x00000066b7200000,0x00000066b7300000)]
  0x000001aa214ac380 JavaThread "Unconstrained build operations Thread 26" [_thread_blocked, id=9596, stack(0x00000066b7300000,0x00000066b7400000)]
  0x000001aa214ad2b0 JavaThread "Unconstrained build operations Thread 27" [_thread_blocked, id=10108, stack(0x00000066b7400000,0x00000066b7500000)]
  0x000001aa214af110 JavaThread "Unconstrained build operations Thread 28" [_thread_blocked, id=23156, stack(0x00000066b7500000,0x00000066b7600000)]
  0x000001aa214af620 JavaThread "Unconstrained build operations Thread 29" [_thread_blocked, id=15972, stack(0x00000066b7600000,0x00000066b7700000)]
  0x000001aa214afb30 JavaThread "Unconstrained build operations Thread 30" [_thread_blocked, id=19440, stack(0x00000066b7700000,0x00000066b7800000)]
  0x000001aa214acda0 JavaThread "Unconstrained build operations Thread 31" [_thread_blocked, id=6372, stack(0x00000066b7800000,0x00000066b7900000)]
  0x000001aa214ad7c0 JavaThread "Unconstrained build operations Thread 32" [_thread_blocked, id=1136, stack(0x00000066b7900000,0x00000066b7a00000)]
  0x000001aa214b1480 JavaThread "build event listener" [_thread_blocked, id=27788, stack(0x00000066b7a00000,0x00000066b7b00000)]
  0x000001aa214b1990 JavaThread "Unconstrained build operations Thread 33" [_thread_blocked, id=11324, stack(0x00000066b7b00000,0x00000066b7c00000)]
  0x000001aa214b32e0 JavaThread "Unconstrained build operations Thread 34" [_thread_blocked, id=11392, stack(0x00000066b7c00000,0x00000066b7d00000)]
  0x000001aa214b0040 JavaThread "Unconstrained build operations Thread 35" [_thread_blocked, id=15720, stack(0x00000066b7d00000,0x00000066b7e00000)]
  0x000001aa214b37f0 JavaThread "Unconstrained build operations Thread 36" [_thread_blocked, id=33692, stack(0x00000066b7e00000,0x00000066b7f00000)]
  0x000001aa214b1ea0 JavaThread "Unconstrained build operations Thread 37" [_thread_blocked, id=6628, stack(0x00000066b7f00000,0x00000066b8000000)]
  0x000001aa214b0a60 JavaThread "Unconstrained build operations Thread 38" [_thread_blocked, id=19428, stack(0x00000066b8000000,0x00000066b8100000)]
  0x000001aa214b0f70 JavaThread "Unconstrained build operations Thread 39" [_thread_blocked, id=21552, stack(0x00000066b8100000,0x00000066b8200000)]
  0x000001aa214b3d00 JavaThread "Unconstrained build operations Thread 40" [_thread_blocked, id=10092, stack(0x00000066b8200000,0x00000066b8300000)]
  0x000001aa214b23b0 JavaThread "Unconstrained build operations Thread 41" [_thread_blocked, id=17060, stack(0x00000066b8300000,0x00000066b8400000)]
  0x000001aa214b0550 JavaThread "Unconstrained build operations Thread 42" [_thread_blocked, id=16696, stack(0x00000066b8400000,0x00000066b8500000)]
  0x000001aa214b28c0 JavaThread "Unconstrained build operations Thread 43" [_thread_blocked, id=25160, stack(0x00000066b8500000,0x00000066b8600000)]
  0x000001aa214b2dd0 JavaThread "Unconstrained build operations Thread 44" [_thread_blocked, id=12692, stack(0x00000066b8600000,0x00000066b8700000)]
  0x000001aa216fb950 JavaThread "Unconstrained build operations Thread 45" [_thread_blocked, id=9516, stack(0x00000066b8700000,0x00000066b8800000)]
  0x000001aa216fcd90 JavaThread "Unconstrained build operations Thread 46" [_thread_blocked, id=11688, stack(0x00000066b8800000,0x00000066b8900000)]
  0x000001aa216fc370 JavaThread "Unconstrained build operations Thread 47" [_thread_blocked, id=26784, stack(0x00000066b8900000,0x00000066b8a00000)]
  0x000001aa216fa000 JavaThread "Unconstrained build operations Thread 48" [_thread_blocked, id=19476, stack(0x00000066b8a00000,0x00000066b8b00000)]
  0x000001aa216fd7b0 JavaThread "Unconstrained build operations Thread 49" [_thread_blocked, id=6556, stack(0x00000066b8b00000,0x00000066b8c00000)]
  0x000001aa216fb440 JavaThread "Unconstrained build operations Thread 50" [_thread_blocked, id=19576, stack(0x00000066b8c00000,0x00000066b8d00000)]
  0x000001aa216fd2a0 JavaThread "Unconstrained build operations Thread 51" [_thread_blocked, id=7964, stack(0x00000066b8d00000,0x00000066b8e00000)]
  0x000001aa216fdcc0 JavaThread "Unconstrained build operations Thread 52" [_thread_blocked, id=9824, stack(0x00000066b8e00000,0x00000066b8f00000)]
  0x000001aa216fbe60 JavaThread "Unconstrained build operations Thread 53" [_thread_blocked, id=12208, stack(0x00000066b8f00000,0x00000066b9000000)]
  0x000001aa216fa510 JavaThread "ForkJoinPool.commonPool-worker-1" daemon [_thread_blocked, id=14828, stack(0x00000066b9000000,0x00000066b9100000)]
  0x000001aa216fc880 JavaThread "ForkJoinPool.commonPool-worker-2" daemon [_thread_blocked, id=25748, stack(0x00000066b9100000,0x00000066b9200000)]
  0x000001aa216fe1d0 JavaThread "ForkJoinPool.commonPool-worker-3" daemon [_thread_blocked, id=17996, stack(0x00000066b9200000,0x00000066b9300000)]
  0x000001aa216faa20 JavaThread "ForkJoinPool.commonPool-worker-4" daemon [_thread_blocked, id=23124, stack(0x00000066b9300000,0x00000066b9400000)]
  0x000001aa216fe6e0 JavaThread "ForkJoinPool.commonPool-worker-5" daemon [_thread_blocked, id=12152, stack(0x00000066b9400000,0x00000066b9500000)]
  0x000001aa216faf30 JavaThread "ForkJoinPool.commonPool-worker-6" daemon [_thread_blocked, id=5676, stack(0x00000066b9500000,0x00000066b9600000)]
  0x000001aa216febf0 JavaThread "ForkJoinPool.commonPool-worker-7" daemon [_thread_blocked, id=33472, stack(0x00000066b9600000,0x00000066b9700000)]
  0x000001aa216ff100 JavaThread "Exec process" [_thread_blocked, id=2380, stack(0x00000066b9700000,0x00000066b9800000)]
  0x000001aa216ff610 JavaThread "Exec process Thread 2" [_thread_blocked, id=14092, stack(0x00000066b9800000,0x00000066b9900000)]
  0x000001aa216ffb20 JavaThread "Exec process Thread 3" [_thread_blocked, id=34008, stack(0x00000066b9900000,0x00000066b9a00000)]
  0x000001aa21700a50 JavaThread "included builds" [_thread_blocked, id=16880, stack(0x00000066b7000000,0x00000066b7100000)]
  0x000001aa21700f60 JavaThread "included builds Thread 2" [_thread_blocked, id=21396, stack(0x00000066b9a00000,0x00000066b9b00000)]
  0x000001aa21700030 JavaThread "Execution worker" [_thread_blocked, id=19124, stack(0x00000066b9b00000,0x00000066b9c00000)]
  0x000001aa21701470 JavaThread "Execution worker Thread 2" [_thread_blocked, id=18016, stack(0x00000066b9c00000,0x00000066b9d00000)]
  0x000001aa21700540 JavaThread "Execution worker Thread 3" [_thread_blocked, id=34432, stack(0x00000066b9d00000,0x00000066b9e00000)]
  0x000001aa21701980 JavaThread "Execution worker Thread 4" [_thread_blocked, id=12332, stack(0x00000066b9e00000,0x00000066b9f00000)]
  0x000001aa248a05e0 JavaThread "Execution worker Thread 5" [_thread_blocked, id=18832, stack(0x00000066b9f00000,0x00000066ba000000)]
  0x000001aa248a1f30 JavaThread "Execution worker Thread 6" [_thread_blocked, id=608, stack(0x00000066ba000000,0x00000066ba100000)]
  0x000001aa248a2440 JavaThread "Execution worker Thread 7" [_thread_blocked, id=22532, stack(0x00000066ba100000,0x00000066ba200000)]
  0x000001aa248a3880 JavaThread "Cache worker for execution history cache (C:\Users\rohit\aparna\Biz\BizConsultancyApp\node_modules\@react-native\gradle-plugin\.gradle\8.13\executionHistory)" [_thread_blocked, id=956, stack(0x00000066ba200000,0x00000066ba300000)]
  0x000001aa248a1a20 JavaThread "Cache worker for execution history cache (C:\Users\rohit\aparna\Biz\BizConsultancyApp\node_modules\expo-modules-autolinking\android\expo-gradle-plugin\.gradle\8.13\executionHistory)" [_thread_blocked, id=34112, stack(0x00000066ba300000,0x00000066ba400000)]
  0x000001aa248a3370 JavaThread "Unconstrained build operations Thread 54" [_thread_blocked, id=34160, stack(0x00000066ba400000,0x00000066ba500000)]
  0x000001aa248a0af0 JavaThread "Unconstrained build operations Thread 55" [_thread_blocked, id=2864, stack(0x00000066ba500000,0x00000066ba600000)]
  0x000001aa248a2e60 JavaThread "Unconstrained build operations Thread 56" [_thread_blocked, id=10032, stack(0x00000066ba600000,0x00000066ba700000)]
  0x000001aa248a2950 JavaThread "Unconstrained build operations Thread 57" [_thread_blocked, id=23928, stack(0x00000066ba700000,0x00000066ba800000)]
  0x000001aa248a1510 JavaThread "Unconstrained build operations Thread 58" [_thread_blocked, id=3412, stack(0x00000066ba800000,0x00000066ba900000)]
  0x000001aa248a00d0 JavaThread "Unconstrained build operations Thread 59" [_thread_blocked, id=17516, stack(0x00000066ba900000,0x00000066baa00000)]
  0x000001aa248a47b0 JavaThread "Unconstrained build operations Thread 60" [_thread_blocked, id=3608, stack(0x00000066baa00000,0x00000066bab00000)]
  0x000001aa248a3d90 JavaThread "Unconstrained build operations Thread 61" [_thread_blocked, id=7368, stack(0x00000066bab00000,0x00000066bac00000)]
  0x000001aa248a42a0 JavaThread "Unconstrained build operations Thread 62" [_thread_blocked, id=2072, stack(0x00000066bac00000,0x00000066bad00000)]
  0x000001aa248a1000 JavaThread "Unconstrained build operations Thread 63" [_thread_blocked, id=32392, stack(0x00000066bad00000,0x00000066bae00000)]
  0x000001aa248a7030 JavaThread "Unconstrained build operations Thread 64" [_thread_blocked, id=32876, stack(0x00000066bae00000,0x00000066baf00000)]
  0x000001aa248a5bf0 JavaThread "Unconstrained build operations Thread 65" [_thread_blocked, id=14332, stack(0x00000066baf00000,0x00000066bb000000)]
  0x000001aa248a6610 JavaThread "Unconstrained build operations Thread 66" [_thread_blocked, id=6568, stack(0x00000066bb000000,0x00000066bb100000)]
  0x000001aa248a6b20 JavaThread "Unconstrained build operations Thread 67" [_thread_blocked, id=2368, stack(0x00000066bb100000,0x00000066bb200000)]
  0x000001aa248a7540 JavaThread "Unconstrained build operations Thread 68" [_thread_blocked, id=23096, stack(0x00000066bb200000,0x00000066bb300000)]
  0x000001aa248a7a50 JavaThread "Unconstrained build operations Thread 69" [_thread_blocked, id=1144, stack(0x00000066bb300000,0x00000066bb400000)]
  0x000001aa248a4cc0 JavaThread "Unconstrained build operations Thread 70" [_thread_blocked, id=22692, stack(0x00000066bb400000,0x00000066bb500000)]
  0x000001aa248a51d0 JavaThread "Unconstrained build operations Thread 71" [_thread_blocked, id=23612, stack(0x00000066bb500000,0x00000066bb600000)]
  0x000001aa248a56e0 JavaThread "Unconstrained build operations Thread 72" [_thread_blocked, id=14936, stack(0x00000066bb600000,0x00000066bb700000)]
  0x000001aa212748e0 JavaThread "Unconstrained build operations Thread 73" [_thread_blocked, id=14776, stack(0x00000066bb700000,0x00000066bb800000)]
  0x000001aa23032330 JavaThread "Unconstrained build operations Thread 74" [_thread_blocked, id=22372, stack(0x00000066bb800000,0x00000066bb900000)]
  0x000001aa230355d0 JavaThread "Unconstrained build operations Thread 75" [_thread_blocked, id=22632, stack(0x00000066bb900000,0x00000066bba00000)]
  0x000001aa23032d50 JavaThread "Unconstrained build operations Thread 76" [_thread_blocked, id=34744, stack(0x00000066bba00000,0x00000066bbb00000)]
  0x000001aa23031e20 JavaThread "Unconstrained build operations Thread 77" [_thread_blocked, id=9028, stack(0x00000066bbb00000,0x00000066bbc00000)]
  0x000001aa23032840 JavaThread "Unconstrained build operations Thread 78" [_thread_blocked, id=2544, stack(0x00000066bbc00000,0x00000066bbd00000)]
  0x000001aa23035ff0 JavaThread "Unconstrained build operations Thread 79" [_thread_blocked, id=18496, stack(0x00000066bbd00000,0x00000066bbe00000)]
  0x000001aa230346a0 JavaThread "Unconstrained build operations Thread 80" [_thread_blocked, id=23580, stack(0x00000066bbe00000,0x00000066bbf00000)]
  0x000001aa23034bb0 JavaThread "jar transforms Thread 2" [_thread_blocked, id=15880, stack(0x00000066bbf00000,0x00000066bc000000)]
  0x000001aa23036500 JavaThread "Cache worker for Build Output Cleanup Cache (C:\Users\rohit\aparna\Biz\BizConsultancyApp\node_modules\expo-modules-core\expo-module-gradle-plugin\.gradle\buildOutputCleanup)" [_thread_blocked, id=2888, stack(0x00000066bc000000,0x00000066bc100000)]
  0x000001aa23036a10 JavaThread "build event listener" [_thread_blocked, id=6716, stack(0x00000066bc100000,0x00000066bc200000)]
  0x000001aa23036f20 JavaThread "jar transforms Thread 3" [_thread_blocked, id=10752, stack(0x00000066bc200000,0x00000066bc300000)]
  0x000001aa23037430 JavaThread "included builds Thread 3" [_thread_blocked, id=11208, stack(0x00000066bc300000,0x00000066bc400000)]
  0x000001aa23033c80 JavaThread "Cache worker for execution history cache (C:\Users\rohit\aparna\Biz\BizConsultancyApp\node_modules\expo-modules-core\expo-module-gradle-plugin\.gradle\8.13\executionHistory)" [_thread_blocked, id=33256, stack(0x00000066bc400000,0x00000066bc500000)]
  0x000001aa23037940 JavaThread "jar transforms Thread 4" [_thread_blocked, id=22232, stack(0x00000066bc500000,0x00000066bc600000)]
  0x000001aa23038360 JavaThread "jar transforms Thread 5" [_thread_blocked, id=24160, stack(0x00000066bc600000,0x00000066bc700000)]
  0x000001aa23038870 JavaThread "jar transforms Thread 6" [_thread_blocked, id=10500, stack(0x00000066bc700000,0x00000066bc800000)]
  0x000001aa2413bce0 JavaThread "build event listener" [_thread_blocked, id=15056, stack(0x00000066bc800000,0x00000066bc900000)]
  0x000001aa2413db40 JavaThread "Problems report writer" [_thread_blocked, id=19952, stack(0x00000066bc900000,0x00000066bca00000)]
  0x000001aa2413e560 JavaThread "jar transforms Thread 7" [_thread_blocked, id=9228, stack(0x00000066bca00000,0x00000066bcb00000)]
  0x000001aa2413c1f0 JavaThread "jar transforms Thread 8" [_thread_blocked, id=33832, stack(0x00000066bcb00000,0x00000066bcc00000)]

Other Threads:
=>0x000001aa7f11bf50 VMThread "VM Thread" [stack: 0x00000066b2800000,0x00000066b2900000] [id=23084]
  0x000001aa60fb5460 WatcherThread [stack: 0x00000066b3400000,0x00000066b3500000] [id=14836]
  0x000001aa60f57c50 GCTaskThread "GC Thread#0" [stack: 0x00000066b2300000,0x00000066b2400000] [id=1564]
  0x000001aa7f576830 GCTaskThread "GC Thread#1" [stack: 0x00000066b3600000,0x00000066b3700000] [id=33876]
  0x000001aa7f6b6500 GCTaskThread "GC Thread#2" [stack: 0x00000066b3700000,0x00000066b3800000] [id=10912]
  0x000001aa7fc7cbb0 GCTaskThread "GC Thread#3" [stack: 0x00000066b3800000,0x00000066b3900000] [id=10972]
  0x000001aa7fe7ec60 GCTaskThread "GC Thread#4" [stack: 0x00000066b3900000,0x00000066b3a00000] [id=3816]
  0x000001aa1f4e83f0 GCTaskThread "GC Thread#5" [stack: 0x00000066b4600000,0x00000066b4700000] [id=21676]
  0x000001aa1f3a1040 GCTaskThread "GC Thread#6" [stack: 0x00000066b4700000,0x00000066b4800000] [id=11788]
  0x000001aa1f3a1300 GCTaskThread "GC Thread#7" [stack: 0x00000066b4800000,0x00000066b4900000] [id=23644]
  0x000001aa60f68950 ConcurrentGCThread "G1 Main Marker" [stack: 0x00000066b2400000,0x00000066b2500000] [id=13044]
  0x000001aa60f69c80 ConcurrentGCThread "G1 Conc#0" [stack: 0x00000066b2500000,0x00000066b2600000] [id=19512]
  0x000001aa1f554880 ConcurrentGCThread "G1 Conc#1" [stack: 0x00000066b4b00000,0x00000066b4c00000] [id=16312]
  0x000001aa7efd0630 ConcurrentGCThread "G1 Refine#0" [stack: 0x00000066b2600000,0x00000066b2700000] [id=7148]
  0x000001aa7efd0e10 ConcurrentGCThread "G1 Service" [stack: 0x00000066b2700000,0x00000066b2800000] [id=34116]

Threads with active compile tasks:
C2 CompilerThread0   131967 16629   !   4       java.nio.file.FileTreeWalker::next (144 bytes)

VM state: at safepoint (normal execution)

VM Mutex/Monitor currently owned by a thread:  ([mutex/lock_event])
[0x000001aa60ef6730] Threads_lock - owner thread: 0x000001aa7f11bf50
[0x000001aa60ef6340] Heap_lock - owner thread: 0x000001aa214b1990

Heap address: 0x0000000080000000, size: 2048 MB, Compressed Oops mode: 32-bit

CDS archive(s) mapped at: [0x000001aa00000000-0x000001aa00bd0000-0x000001aa00bd0000), size 12386304, SharedBaseAddress: 0x000001aa00000000, ArchiveRelocationMode: 1.
Compressed class space mapped at: 0x000001aa01000000-0x000001aa1b000000, reserved size: 436207616
Narrow klass base: 0x000001aa00000000, Narrow klass shift: 0, Narrow klass range: 0x100000000

GC Precious Log:
 CPUs: 8 total, 8 available
 Memory: 7890M
 Large Page Support: Disabled
 NUMA Support: Disabled
 Compressed Oops: Enabled (32-bit)
 Heap Region Size: 1M
 Heap Min Capacity: 8M
 Heap Initial Capacity: 124M
 Heap Max Capacity: 2G
 Pre-touch: Disabled
 Parallel Workers: 8
 Concurrent Workers: 2
 Concurrent Refinement Workers: 8
 Periodic GC: Disabled

Heap:
 garbage-first heap   total 268288K, used 169767K [0x0000000080000000, 0x0000000100000000)
  region size 1024K, 6 young (6144K), 6 survivors (6144K)
 Metaspace       used 118868K, committed 120192K, reserved 557056K
  class space    used 16556K, committed 17152K, reserved 425984K

Heap Regions: E=young(eden), S=young(survivor), O=old, HS=humongous(starts), HC=humongous(continues), CS=collection set, F=free, OA=open archive, CA=closed archive, TAMS=top-at-mark-start (previous, next)
|   0|0x0000000080000000, 0x0000000080100000, 0x0000000080100000|100%|HS|  |TAMS 0x0000000080100000, 0x0000000080000000| Complete 
|   1|0x0000000080100000, 0x0000000080200000, 0x0000000080200000|100%|HC|  |TAMS 0x0000000080200000, 0x0000000080100000| Complete 
|   2|0x0000000080200000, 0x0000000080300000, 0x0000000080300000|100%|HC|  |TAMS 0x0000000080300000, 0x0000000080200000| Complete 
|   3|0x0000000080300000, 0x0000000080400000, 0x0000000080400000|100%| O|  |TAMS 0x0000000080400000, 0x0000000080300000| Untracked 
|   4|0x0000000080400000, 0x0000000080500000, 0x0000000080500000|100%| O|  |TAMS 0x0000000080500000, 0x0000000080400000| Untracked 
|   5|0x0000000080500000, 0x0000000080600000, 0x0000000080600000|100%| O|  |TAMS 0x0000000080600000, 0x0000000080500000| Untracked 
|   6|0x0000000080600000, 0x0000000080700000, 0x0000000080700000|100%|HS|  |TAMS 0x0000000080700000, 0x0000000080600000| Complete 
|   7|0x0000000080700000, 0x0000000080800000, 0x0000000080800000|100%| O|  |TAMS 0x0000000080800000, 0x0000000080700000| Untracked 
|   8|0x0000000080800000, 0x0000000080900000, 0x0000000080900000|100%| O|  |TAMS 0x0000000080900000, 0x0000000080800000| Untracked 
|   9|0x0000000080900000, 0x0000000080a00000, 0x0000000080a00000|100%| O|  |TAMS 0x0000000080a00000, 0x0000000080900000| Untracked 
|  10|0x0000000080a00000, 0x0000000080b00000, 0x0000000080b00000|100%| O|  |TAMS 0x0000000080b00000, 0x0000000080a00000| Untracked 
|  11|0x0000000080b00000, 0x0000000080c00000, 0x0000000080c00000|100%| O|  |TAMS 0x0000000080c00000, 0x0000000080b00000| Untracked 
|  12|0x0000000080c00000, 0x0000000080d00000, 0x0000000080d00000|100%| O|  |TAMS 0x0000000080d00000, 0x0000000080c00000| Untracked 
|  13|0x0000000080d00000, 0x0000000080e00000, 0x0000000080e00000|100%| O|  |TAMS 0x0000000080e00000, 0x0000000080d00000| Untracked 
|  14|0x0000000080e00000, 0x0000000080f00000, 0x0000000080f00000|100%| O|  |TAMS 0x0000000080f00000, 0x0000000080e00000| Untracked 
|  15|0x0000000080f00000, 0x0000000081000000, 0x0000000081000000|100%| O|  |TAMS 0x0000000081000000, 0x0000000080f00000| Untracked 
|  16|0x0000000081000000, 0x0000000081100000, 0x0000000081100000|100%| O|  |TAMS 0x0000000081100000, 0x0000000081000000| Untracked 
|  17|0x0000000081100000, 0x0000000081200000, 0x0000000081200000|100%| O|  |TAMS 0x0000000081200000, 0x0000000081100000| Untracked 
|  18|0x0000000081200000, 0x0000000081300000, 0x0000000081300000|100%| O|  |TAMS 0x0000000081300000, 0x0000000081200000| Untracked 
|  19|0x0000000081300000, 0x0000000081400000, 0x0000000081400000|100%| O|  |TAMS 0x0000000081400000, 0x0000000081300000| Untracked 
|  20|0x0000000081400000, 0x00000000814dda00, 0x0000000081500000| 86%| O|  |TAMS 0x00000000814dda00, 0x0000000081400000| Untracked 
|  21|0x0000000081500000, 0x0000000081600000, 0x0000000081600000|100%| O|  |TAMS 0x0000000081600000, 0x0000000081500000| Untracked 
|  22|0x0000000081600000, 0x0000000081700000, 0x0000000081700000|100%| O|  |TAMS 0x0000000081700000, 0x0000000081600000| Untracked 
|  23|0x0000000081700000, 0x0000000081800000, 0x0000000081800000|100%| O|  |TAMS 0x0000000081800000, 0x0000000081700000| Untracked 
|  24|0x0000000081800000, 0x0000000081900000, 0x0000000081900000|100%| O|  |TAMS 0x0000000081900000, 0x0000000081800000| Untracked 
|  25|0x0000000081900000, 0x0000000081a00000, 0x0000000081a00000|100%| O|  |TAMS 0x0000000081a00000, 0x0000000081900000| Untracked 
|  26|0x0000000081a00000, 0x0000000081b00000, 0x0000000081b00000|100%| O|  |TAMS 0x0000000081b00000, 0x0000000081a00000| Untracked 
|  27|0x0000000081b00000, 0x0000000081c00000, 0x0000000081c00000|100%| O|  |TAMS 0x0000000081c00000, 0x0000000081b00000| Untracked 
|  28|0x0000000081c00000, 0x0000000081d00000, 0x0000000081d00000|100%| O|  |TAMS 0x0000000081d00000, 0x0000000081c00000| Untracked 
|  29|0x0000000081d00000, 0x0000000081e00000, 0x0000000081e00000|100%| O|  |TAMS 0x0000000081e00000, 0x0000000081d00000| Untracked 
|  30|0x0000000081e00000, 0x0000000081f00000, 0x0000000081f00000|100%| O|  |TAMS 0x0000000081f00000, 0x0000000081e00000| Untracked 
|  31|0x0000000081f00000, 0x0000000082000000, 0x0000000082000000|100%| O|  |TAMS 0x0000000082000000, 0x0000000081f00000| Untracked 
|  32|0x0000000082000000, 0x0000000082100000, 0x0000000082100000|100%| O|  |TAMS 0x0000000082100000, 0x0000000082000000| Untracked 
|  33|0x0000000082100000, 0x0000000082200000, 0x0000000082200000|100%| O|  |TAMS 0x0000000082200000, 0x0000000082100000| Untracked 
|  34|0x0000000082200000, 0x0000000082300000, 0x0000000082300000|100%| O|  |TAMS 0x0000000082300000, 0x0000000082200000| Untracked 
|  35|0x0000000082300000, 0x0000000082400000, 0x0000000082400000|100%| O|  |TAMS 0x0000000082400000, 0x0000000082300000| Untracked 
|  36|0x0000000082400000, 0x0000000082500000, 0x0000000082500000|100%| O|  |TAMS 0x0000000082500000, 0x0000000082400000| Untracked 
|  37|0x0000000082500000, 0x0000000082600000, 0x0000000082600000|100%| O|  |TAMS 0x0000000082600000, 0x0000000082500000| Untracked 
|  38|0x0000000082600000, 0x0000000082700000, 0x0000000082700000|100%| O|  |TAMS 0x0000000082700000, 0x0000000082600000| Untracked 
|  39|0x0000000082700000, 0x0000000082800000, 0x0000000082800000|100%| O|  |TAMS 0x0000000082800000, 0x0000000082700000| Untracked 
|  40|0x0000000082800000, 0x0000000082900000, 0x0000000082900000|100%| O|  |TAMS 0x0000000082900000, 0x0000000082800000| Untracked 
|  41|0x0000000082900000, 0x0000000082a00000, 0x0000000082a00000|100%| O|  |TAMS 0x0000000082a00000, 0x0000000082900000| Untracked 
|  42|0x0000000082a00000, 0x0000000082b00000, 0x0000000082b00000|100%| O|  |TAMS 0x0000000082b00000, 0x0000000082a00000| Untracked 
|  43|0x0000000082b00000, 0x0000000082c00000, 0x0000000082c00000|100%| O|  |TAMS 0x0000000082c00000, 0x0000000082b00000| Untracked 
|  44|0x0000000082c00000, 0x0000000082d00000, 0x0000000082d00000|100%| O|  |TAMS 0x0000000082d00000, 0x0000000082c00000| Untracked 
|  45|0x0000000082d00000, 0x0000000082e00000, 0x0000000082e00000|100%| O|  |TAMS 0x0000000082e00000, 0x0000000082d00000| Untracked 
|  46|0x0000000082e00000, 0x0000000082f00000, 0x0000000082f00000|100%| O|  |TAMS 0x0000000082f00000, 0x0000000082e00000| Untracked 
|  47|0x0000000082f00000, 0x0000000083000000, 0x0000000083000000|100%| O|  |TAMS 0x0000000083000000, 0x0000000082f00000| Untracked 
|  48|0x0000000083000000, 0x0000000083100000, 0x0000000083100000|100%| O|  |TAMS 0x0000000083000000, 0x0000000083000000| Untracked 
|  49|0x0000000083100000, 0x0000000083200000, 0x0000000083200000|100%|HS|  |TAMS 0x0000000083200000, 0x0000000083100000| Complete 
|  50|0x0000000083200000, 0x0000000083300000, 0x0000000083300000|100%|HC|  |TAMS 0x0000000083300000, 0x0000000083200000| Complete 
|  51|0x0000000083300000, 0x0000000083400000, 0x0000000083400000|100%|HC|  |TAMS 0x0000000083400000, 0x0000000083300000| Complete 
|  52|0x0000000083400000, 0x0000000083500000, 0x0000000083500000|100%|HS|  |TAMS 0x0000000083500000, 0x0000000083400000| Complete 
|  53|0x0000000083500000, 0x0000000083600000, 0x0000000083600000|100%|HC|  |TAMS 0x0000000083600000, 0x0000000083500000| Complete 
|  54|0x0000000083600000, 0x0000000083700000, 0x0000000083700000|100%|HC|  |TAMS 0x0000000083700000, 0x0000000083600000| Complete 
|  55|0x0000000083700000, 0x0000000083800000, 0x0000000083800000|100%| O|  |TAMS 0x0000000083700000, 0x0000000083700000| Untracked 
|  56|0x0000000083800000, 0x0000000083900000, 0x0000000083900000|100%| O|  |TAMS 0x0000000083900000, 0x0000000083800000| Untracked 
|  57|0x0000000083900000, 0x0000000083a00000, 0x0000000083a00000|100%| O|  |TAMS 0x0000000083a00000, 0x0000000083900000| Untracked 
|  58|0x0000000083a00000, 0x0000000083b00000, 0x0000000083b00000|100%| O|  |TAMS 0x0000000083b00000, 0x0000000083a00000| Untracked 
|  59|0x0000000083b00000, 0x0000000083c00000, 0x0000000083c00000|100%| O|  |TAMS 0x0000000083c00000, 0x0000000083b00000| Untracked 
|  60|0x0000000083c00000, 0x0000000083d00000, 0x0000000083d00000|100%| O|  |TAMS 0x0000000083c00000, 0x0000000083c00000| Untracked 
|  61|0x0000000083d00000, 0x0000000083e00000, 0x0000000083e00000|100%| O|  |TAMS 0x0000000083e00000, 0x0000000083d00000| Untracked 
|  62|0x0000000083e00000, 0x0000000083f00000, 0x0000000083f00000|100%| O|  |TAMS 0x0000000083f00000, 0x0000000083e00000| Untracked 
|  63|0x0000000083f00000, 0x0000000084000000, 0x0000000084000000|100%| O|  |TAMS 0x0000000084000000, 0x0000000083f00000| Untracked 
|  64|0x0000000084000000, 0x0000000084100000, 0x0000000084100000|100%| O|  |TAMS 0x0000000084000000, 0x0000000084000000| Untracked 
|  65|0x0000000084100000, 0x0000000084200000, 0x0000000084200000|100%| O|  |TAMS 0x0000000084100000, 0x0000000084100000| Untracked 
|  66|0x0000000084200000, 0x0000000084300000, 0x0000000084300000|100%| O|  |TAMS 0x0000000084300000, 0x0000000084200000| Untracked 
|  67|0x0000000084300000, 0x0000000084400000, 0x0000000084400000|100%| O|  |TAMS 0x0000000084400000, 0x0000000084300000| Untracked 
|  68|0x0000000084400000, 0x0000000084500000, 0x0000000084500000|100%| O|  |TAMS 0x0000000084500000, 0x0000000084400000| Untracked 
|  69|0x0000000084500000, 0x0000000084600000, 0x0000000084600000|100%| O|  |TAMS 0x0000000084500000, 0x0000000084500000| Untracked 
|  70|0x0000000084600000, 0x0000000084700000, 0x0000000084700000|100%| O|  |TAMS 0x0000000084700000, 0x0000000084600000| Untracked 
|  71|0x0000000084700000, 0x0000000084800000, 0x0000000084800000|100%| O|  |TAMS 0x0000000084800000, 0x0000000084700000| Untracked 
|  72|0x0000000084800000, 0x0000000084900000, 0x0000000084900000|100%| O|  |TAMS 0x0000000084900000, 0x0000000084800000| Untracked 
|  73|0x0000000084900000, 0x0000000084a00000, 0x0000000084a00000|100%| O|  |TAMS 0x0000000084a00000, 0x0000000084900000| Untracked 
|  74|0x0000000084a00000, 0x0000000084b00000, 0x0000000084b00000|100%| O|  |TAMS 0x0000000084a00000, 0x0000000084a00000| Untracked 
|  75|0x0000000084b00000, 0x0000000084c00000, 0x0000000084c00000|100%| O|  |TAMS 0x0000000084c00000, 0x0000000084b00000| Untracked 
|  76|0x0000000084c00000, 0x0000000084d00000, 0x0000000084d00000|100%| O|  |TAMS 0x0000000084d00000, 0x0000000084c00000| Untracked 
|  77|0x0000000084d00000, 0x0000000084e00000, 0x0000000084e00000|100%| O|  |TAMS 0x0000000084e00000, 0x0000000084d00000| Untracked 
|  78|0x0000000084e00000, 0x0000000084f00000, 0x0000000084f00000|100%| O|  |TAMS 0x0000000084f00000, 0x0000000084e00000| Untracked 
|  79|0x0000000084f00000, 0x0000000085000000, 0x0000000085000000|100%| O|  |TAMS 0x0000000085000000, 0x0000000084f00000| Untracked 
|  80|0x0000000085000000, 0x0000000085100000, 0x0000000085100000|100%| O|  |TAMS 0x0000000085100000, 0x0000000085000000| Untracked 
|  81|0x0000000085100000, 0x0000000085200000, 0x0000000085200000|100%| O|  |TAMS 0x0000000085100000, 0x0000000085100000| Untracked 
|  82|0x0000000085200000, 0x0000000085300000, 0x0000000085300000|100%| O|  |TAMS 0x0000000085200000, 0x0000000085200000| Untracked 
|  83|0x0000000085300000, 0x0000000085400000, 0x0000000085400000|100%| O|  |TAMS 0x0000000085300000, 0x0000000085300000| Untracked 
|  84|0x0000000085400000, 0x0000000085500000, 0x0000000085500000|100%| O|  |TAMS 0x0000000085500000, 0x0000000085400000| Untracked 
|  85|0x0000000085500000, 0x0000000085600000, 0x0000000085600000|100%| O|  |TAMS 0x0000000085600000, 0x0000000085500000| Untracked 
|  86|0x0000000085600000, 0x0000000085700000, 0x0000000085700000|100%| O|  |TAMS 0x0000000085700000, 0x0000000085600000| Untracked 
|  87|0x0000000085700000, 0x0000000085800000, 0x0000000085800000|100%| O|  |TAMS 0x0000000085800000, 0x0000000085700000| Untracked 
|  88|0x0000000085800000, 0x0000000085900000, 0x0000000085900000|100%| O|  |TAMS 0x0000000085800000, 0x0000000085800000| Untracked 
|  89|0x0000000085900000, 0x0000000085a00000, 0x0000000085a00000|100%| O|  |TAMS 0x0000000085900000, 0x0000000085900000| Untracked 
|  90|0x0000000085a00000, 0x0000000085b00000, 0x0000000085b00000|100%| O|  |TAMS 0x0000000085b00000, 0x0000000085a00000| Untracked 
|  91|0x0000000085b00000, 0x0000000085c00000, 0x0000000085c00000|100%| O|  |TAMS 0x0000000085c00000, 0x0000000085b00000| Untracked 
|  92|0x0000000085c00000, 0x0000000085d00000, 0x0000000085d00000|100%| O|  |TAMS 0x0000000085d00000, 0x0000000085c00000| Untracked 
|  93|0x0000000085d00000, 0x0000000085e00000, 0x0000000085e00000|100%| O|  |TAMS 0x0000000085e00000, 0x0000000085d00000| Untracked 
|  94|0x0000000085e00000, 0x0000000085f00000, 0x0000000085f00000|100%| O|  |TAMS 0x0000000085f00000, 0x0000000085e00000| Untracked 
|  95|0x0000000085f00000, 0x0000000086000000, 0x0000000086000000|100%| O|  |TAMS 0x0000000085f00000, 0x0000000085f00000| Untracked 
|  96|0x0000000086000000, 0x0000000086100000, 0x0000000086100000|100%| O|  |TAMS 0x0000000086100000, 0x0000000086000000| Untracked 
|  97|0x0000000086100000, 0x0000000086200000, 0x0000000086200000|100%| O|  |TAMS 0x0000000086200000, 0x0000000086100000| Untracked 
|  98|0x0000000086200000, 0x0000000086300000, 0x0000000086300000|100%| O|  |TAMS 0x0000000086300000, 0x0000000086200000| Untracked 
|  99|0x0000000086300000, 0x0000000086400000, 0x0000000086400000|100%| O|  |TAMS 0x0000000086400000, 0x0000000086300000| Untracked 
| 100|0x0000000086400000, 0x0000000086500000, 0x0000000086500000|100%| O|  |TAMS 0x0000000086400000, 0x0000000086400000| Untracked 
| 101|0x0000000086500000, 0x0000000086600000, 0x0000000086600000|100%| O|  |TAMS 0x0000000086600000, 0x0000000086500000| Untracked 
| 102|0x0000000086600000, 0x0000000086700000, 0x0000000086700000|100%| O|  |TAMS 0x0000000086600000, 0x0000000086600000| Untracked 
| 103|0x0000000086700000, 0x0000000086800000, 0x0000000086800000|100%|HS|  |TAMS 0x0000000086800000, 0x0000000086700000| Complete 
| 104|0x0000000086800000, 0x0000000086900000, 0x0000000086900000|100%|HS|  |TAMS 0x0000000086900000, 0x0000000086800000| Complete 
| 105|0x0000000086900000, 0x0000000086a00000, 0x0000000086a00000|100%|HS|  |TAMS 0x0000000086a00000, 0x0000000086900000| Complete 
| 106|0x0000000086a00000, 0x0000000086b00000, 0x0000000086b00000|100%|HS|  |TAMS 0x0000000086b00000, 0x0000000086a00000| Complete 
| 107|0x0000000086b00000, 0x0000000086c00000, 0x0000000086c00000|100%| O|  |TAMS 0x0000000086c00000, 0x0000000086b00000| Untracked 
| 108|0x0000000086c00000, 0x0000000086d00000, 0x0000000086d00000|100%|HS|  |TAMS 0x0000000086d00000, 0x0000000086c00000| Complete 
| 109|0x0000000086d00000, 0x0000000086e00000, 0x0000000086e00000|100%|HS|  |TAMS 0x0000000086e00000, 0x0000000086d00000| Complete 
| 110|0x0000000086e00000, 0x0000000086f00000, 0x0000000086f00000|100%| O|  |TAMS 0x0000000086f00000, 0x0000000086e00000| Untracked 
| 111|0x0000000086f00000, 0x0000000087000000, 0x0000000087000000|100%| O|  |TAMS 0x0000000087000000, 0x0000000086f00000| Untracked 
| 112|0x0000000087000000, 0x0000000087100000, 0x0000000087100000|100%| O|  |TAMS 0x0000000087100000, 0x0000000087000000| Untracked 
| 113|0x0000000087100000, 0x0000000087200000, 0x0000000087200000|100%| O|  |TAMS 0x0000000087200000, 0x0000000087100000| Untracked 
| 114|0x0000000087200000, 0x0000000087300000, 0x0000000087300000|100%| O|  |TAMS 0x0000000087300000, 0x0000000087200000| Untracked 
| 115|0x0000000087300000, 0x0000000087400000, 0x0000000087400000|100%| O|  |TAMS 0x0000000087400000, 0x0000000087300000| Untracked 
| 116|0x0000000087400000, 0x0000000087500000, 0x0000000087500000|100%| O|  |TAMS 0x0000000087500000, 0x0000000087400000| Untracked 
| 117|0x0000000087500000, 0x0000000087600000, 0x0000000087600000|100%| O|  |TAMS 0x0000000087600000, 0x0000000087500000| Untracked 
| 118|0x0000000087600000, 0x0000000087700000, 0x0000000087700000|100%| O|  |TAMS 0x0000000087700000, 0x0000000087600000| Untracked 
| 119|0x0000000087700000, 0x0000000087800000, 0x0000000087800000|100%| O|  |TAMS 0x0000000087800000, 0x0000000087700000| Untracked 
| 120|0x0000000087800000, 0x0000000087900000, 0x0000000087900000|100%| O|  |TAMS 0x0000000087800000, 0x0000000087800000| Untracked 
| 121|0x0000000087900000, 0x0000000087a00000, 0x0000000087a00000|100%| O|  |TAMS 0x0000000087a00000, 0x0000000087900000| Untracked 
| 122|0x0000000087a00000, 0x0000000087b00000, 0x0000000087b00000|100%|HS|  |TAMS 0x0000000087b00000, 0x0000000087a00000| Complete 
| 123|0x0000000087b00000, 0x0000000087c00000, 0x0000000087c00000|100%| O|  |TAMS 0x0000000087c00000, 0x0000000087b00000| Untracked 
| 124|0x0000000087c00000, 0x0000000087d00000, 0x0000000087d00000|100%| O|  |TAMS 0x0000000087d00000, 0x0000000087c00000| Untracked 
| 125|0x0000000087d00000, 0x0000000087e00000, 0x0000000087e00000|100%| O|  |TAMS 0x0000000087d00000, 0x0000000087d00000| Untracked 
| 126|0x0000000087e00000, 0x0000000087f00000, 0x0000000087f00000|100%| O|  |TAMS 0x0000000087f00000, 0x0000000087e00000| Untracked 
| 127|0x0000000087f00000, 0x0000000088000000, 0x0000000088000000|100%| O|  |TAMS 0x0000000088000000, 0x0000000087f00000| Untracked 
| 128|0x0000000088000000, 0x0000000088100000, 0x0000000088100000|100%| O|  |TAMS 0x0000000088100000, 0x0000000088000000| Untracked 
| 129|0x0000000088100000, 0x0000000088200000, 0x0000000088200000|100%| O|  |TAMS 0x0000000088200000, 0x0000000088100000| Untracked 
| 130|0x0000000088200000, 0x0000000088300000, 0x0000000088300000|100%| O|  |TAMS 0x0000000088300000, 0x0000000088200000| Untracked 
| 131|0x0000000088300000, 0x0000000088400000, 0x0000000088400000|100%| O|  |TAMS 0x0000000088400000, 0x0000000088300000| Untracked 
| 132|0x0000000088400000, 0x0000000088500000, 0x0000000088500000|100%|HS|  |TAMS 0x0000000088500000, 0x0000000088400000| Complete 
| 133|0x0000000088500000, 0x0000000088600000, 0x0000000088600000|100%|HC|  |TAMS 0x0000000088600000, 0x0000000088500000| Complete 
| 134|0x0000000088600000, 0x0000000088700000, 0x0000000088700000|100%|HC|  |TAMS 0x0000000088700000, 0x0000000088600000| Complete 
| 135|0x0000000088700000, 0x0000000088800000, 0x0000000088800000|100%| O|  |TAMS 0x0000000088800000, 0x0000000088700000| Untracked 
| 136|0x0000000088800000, 0x0000000088900000, 0x0000000088900000|100%| O|  |TAMS 0x0000000088900000, 0x0000000088800000| Untracked 
| 137|0x0000000088900000, 0x0000000088a00000, 0x0000000088a00000|100%| O|  |TAMS 0x0000000088a00000, 0x0000000088900000| Untracked 
| 138|0x0000000088a00000, 0x0000000088b00000, 0x0000000088b00000|100%| O|  |TAMS 0x0000000088b00000, 0x0000000088a00000| Untracked 
| 139|0x0000000088b00000, 0x0000000088c00000, 0x0000000088c00000|100%| O|  |TAMS 0x0000000088c00000, 0x0000000088b00000| Untracked 
| 140|0x0000000088c00000, 0x0000000088d00000, 0x0000000088d00000|100%| O|  |TAMS 0x0000000088d00000, 0x0000000088c00000| Untracked 
| 141|0x0000000088d00000, 0x0000000088e00000, 0x0000000088e00000|100%| O|  |TAMS 0x0000000088e00000, 0x0000000088d00000| Untracked 
| 142|0x0000000088e00000, 0x0000000088f00000, 0x0000000088f00000|100%| O|  |TAMS 0x0000000088f00000, 0x0000000088e00000| Untracked 
| 143|0x0000000088f00000, 0x0000000089000000, 0x0000000089000000|100%| O|  |TAMS 0x0000000089000000, 0x0000000088f00000| Untracked 
| 144|0x0000000089000000, 0x0000000089100000, 0x0000000089100000|100%| O|  |TAMS 0x0000000089100000, 0x0000000089000000| Untracked 
| 145|0x0000000089100000, 0x0000000089200000, 0x0000000089200000|100%| O|  |TAMS 0x0000000089200000, 0x0000000089100000| Untracked 
| 146|0x0000000089200000, 0x0000000089300000, 0x0000000089300000|100%| O|  |TAMS 0x0000000089300000, 0x0000000089200000| Untracked 
| 147|0x0000000089300000, 0x0000000089400000, 0x0000000089400000|100%| O|  |TAMS 0x0000000089400000, 0x0000000089300000| Untracked 
| 148|0x0000000089400000, 0x0000000089500000, 0x0000000089500000|100%| O|  |TAMS 0x0000000089500000, 0x0000000089400000| Untracked 
| 149|0x0000000089500000, 0x0000000089600000, 0x0000000089600000|100%| O|  |TAMS 0x0000000089563e00, 0x0000000089500000| Untracked 
| 150|0x0000000089600000, 0x0000000089700000, 0x0000000089700000|100%| O|  |TAMS 0x0000000089600000, 0x0000000089600000| Untracked 
| 151|0x0000000089700000, 0x0000000089800000, 0x0000000089800000|100%| O|  |TAMS 0x0000000089700000, 0x0000000089700000| Untracked 
| 152|0x0000000089800000, 0x0000000089900000, 0x0000000089900000|100%| O|  |TAMS 0x0000000089800000, 0x0000000089800000| Untracked 
| 153|0x0000000089900000, 0x0000000089a00000, 0x0000000089a00000|100%| O|  |TAMS 0x0000000089900000, 0x0000000089900000| Untracked 
| 154|0x0000000089a00000, 0x0000000089b00000, 0x0000000089b00000|100%| O|  |TAMS 0x0000000089a00000, 0x0000000089a00000| Untracked 
| 155|0x0000000089b00000, 0x0000000089c00000, 0x0000000089c00000|100%| O|  |TAMS 0x0000000089b00000, 0x0000000089b00000| Untracked 
| 156|0x0000000089c00000, 0x0000000089d00000, 0x0000000089d00000|100%| O|  |TAMS 0x0000000089c00000, 0x0000000089c00000| Untracked 
| 157|0x0000000089d00000, 0x0000000089e00000, 0x0000000089e00000|100%| O|  |TAMS 0x0000000089d00000, 0x0000000089d00000| Untracked 
| 158|0x0000000089e00000, 0x0000000089f00000, 0x0000000089f00000|100%| O|  |TAMS 0x0000000089e00000, 0x0000000089e00000| Untracked 
| 159|0x0000000089f00000, 0x000000008a000000, 0x000000008a000000|100%| O|  |TAMS 0x0000000089f00000, 0x0000000089f00000| Untracked 
| 160|0x000000008a000000, 0x000000008a087600, 0x000000008a100000| 52%| O|  |TAMS 0x000000008a000000, 0x000000008a000000| Untracked 
| 161|0x000000008a100000, 0x000000008a100000, 0x000000008a200000|  0%| F|  |TAMS 0x000000008a100000, 0x000000008a100000| Untracked 
| 162|0x000000008a200000, 0x000000008a200000, 0x000000008a300000|  0%| F|  |TAMS 0x000000008a200000, 0x000000008a200000| Untracked 
| 163|0x000000008a300000, 0x000000008a300000, 0x000000008a400000|  0%| F|  |TAMS 0x000000008a300000, 0x000000008a300000| Untracked 
| 164|0x000000008a400000, 0x000000008a400000, 0x000000008a500000|  0%| F|  |TAMS 0x000000008a400000, 0x000000008a400000| Untracked 
| 165|0x000000008a500000, 0x000000008a500000, 0x000000008a600000|  0%| F|  |TAMS 0x000000008a500000, 0x000000008a500000| Untracked 
| 166|0x000000008a600000, 0x000000008a600000, 0x000000008a700000|  0%| F|  |TAMS 0x000000008a600000, 0x000000008a600000| Untracked 
| 167|0x000000008a700000, 0x000000008a700000, 0x000000008a800000|  0%| F|  |TAMS 0x000000008a700000, 0x000000008a700000| Untracked 
| 168|0x000000008a800000, 0x000000008a800000, 0x000000008a900000|  0%| F|  |TAMS 0x000000008a800000, 0x000000008a800000| Untracked 
| 169|0x000000008a900000, 0x000000008a900000, 0x000000008aa00000|  0%| F|  |TAMS 0x000000008a900000, 0x000000008a900000| Untracked 
| 170|0x000000008aa00000, 0x000000008aa00000, 0x000000008ab00000|  0%| F|  |TAMS 0x000000008aa00000, 0x000000008aa00000| Untracked 
| 171|0x000000008ab00000, 0x000000008ab00000, 0x000000008ac00000|  0%| F|  |TAMS 0x000000008ab00000, 0x000000008ab00000| Untracked 
| 172|0x000000008ac00000, 0x000000008ac00000, 0x000000008ad00000|  0%| F|  |TAMS 0x000000008ac00000, 0x000000008ac00000| Untracked 
| 173|0x000000008ad00000, 0x000000008ad00000, 0x000000008ae00000|  0%| F|  |TAMS 0x000000008ad00000, 0x000000008ad00000| Untracked 
| 174|0x000000008ae00000, 0x000000008ae00000, 0x000000008af00000|  0%| F|  |TAMS 0x000000008ae00000, 0x000000008ae00000| Untracked 
| 175|0x000000008af00000, 0x000000008af00000, 0x000000008b000000|  0%| F|  |TAMS 0x000000008af00000, 0x000000008af00000| Untracked 
| 176|0x000000008b000000, 0x000000008b000000, 0x000000008b100000|  0%| F|  |TAMS 0x000000008b000000, 0x000000008b000000| Untracked 
| 177|0x000000008b100000, 0x000000008b100000, 0x000000008b200000|  0%| F|  |TAMS 0x000000008b100000, 0x000000008b100000| Untracked 
| 178|0x000000008b200000, 0x000000008b200000, 0x000000008b300000|  0%| F|  |TAMS 0x000000008b200000, 0x000000008b200000| Untracked 
| 179|0x000000008b300000, 0x000000008b300000, 0x000000008b400000|  0%| F|  |TAMS 0x000000008b300000, 0x000000008b300000| Untracked 
| 180|0x000000008b400000, 0x000000008b400000, 0x000000008b500000|  0%| F|  |TAMS 0x000000008b400000, 0x000000008b400000| Untracked 
| 181|0x000000008b500000, 0x000000008b500000, 0x000000008b600000|  0%| F|  |TAMS 0x000000008b500000, 0x000000008b500000| Untracked 
| 182|0x000000008b600000, 0x000000008b600000, 0x000000008b700000|  0%| F|  |TAMS 0x000000008b600000, 0x000000008b600000| Untracked 
| 183|0x000000008b700000, 0x000000008b700000, 0x000000008b800000|  0%| F|  |TAMS 0x000000008b700000, 0x000000008b700000| Untracked 
| 184|0x000000008b800000, 0x000000008b800000, 0x000000008b900000|  0%| F|  |TAMS 0x000000008b800000, 0x000000008b800000| Untracked 
| 185|0x000000008b900000, 0x000000008b900000, 0x000000008ba00000|  0%| F|  |TAMS 0x000000008b900000, 0x000000008b900000| Untracked 
| 186|0x000000008ba00000, 0x000000008ba00000, 0x000000008bb00000|  0%| F|  |TAMS 0x000000008ba00000, 0x000000008ba00000| Untracked 
| 187|0x000000008bb00000, 0x000000008bb00000, 0x000000008bc00000|  0%| F|  |TAMS 0x000000008bb00000, 0x000000008bb00000| Untracked 
| 188|0x000000008bc00000, 0x000000008bc00000, 0x000000008bd00000|  0%| F|  |TAMS 0x000000008bc00000, 0x000000008bc00000| Untracked 
| 189|0x000000008bd00000, 0x000000008bd00000, 0x000000008be00000|  0%| F|  |TAMS 0x000000008bd00000, 0x000000008bd00000| Untracked 
| 190|0x000000008be00000, 0x000000008be00000, 0x000000008bf00000|  0%| F|  |TAMS 0x000000008be00000, 0x000000008be00000| Untracked 
| 191|0x000000008bf00000, 0x000000008bf00000, 0x000000008c000000|  0%| F|  |TAMS 0x000000008bf00000, 0x000000008bf00000| Untracked 
| 192|0x000000008c000000, 0x000000008c000000, 0x000000008c100000|  0%| F|  |TAMS 0x000000008c000000, 0x000000008c000000| Untracked 
| 193|0x000000008c100000, 0x000000008c100000, 0x000000008c200000|  0%| F|  |TAMS 0x000000008c100000, 0x000000008c100000| Untracked 
| 194|0x000000008c200000, 0x000000008c200000, 0x000000008c300000|  0%| F|  |TAMS 0x000000008c200000, 0x000000008c200000| Untracked 
| 195|0x000000008c300000, 0x000000008c300000, 0x000000008c400000|  0%| F|  |TAMS 0x000000008c300000, 0x000000008c300000| Untracked 
| 196|0x000000008c400000, 0x000000008c400000, 0x000000008c500000|  0%| F|  |TAMS 0x000000008c400000, 0x000000008c400000| Untracked 
| 197|0x000000008c500000, 0x000000008c500000, 0x000000008c600000|  0%| F|  |TAMS 0x000000008c500000, 0x000000008c500000| Untracked 
| 198|0x000000008c600000, 0x000000008c600000, 0x000000008c700000|  0%| F|  |TAMS 0x000000008c600000, 0x000000008c600000| Untracked 
| 199|0x000000008c700000, 0x000000008c700000, 0x000000008c800000|  0%| F|  |TAMS 0x000000008c700000, 0x000000008c700000| Untracked 
| 200|0x000000008c800000, 0x000000008c800000, 0x000000008c900000|  0%| F|  |TAMS 0x000000008c800000, 0x000000008c800000| Untracked 
| 201|0x000000008c900000, 0x000000008c964fb0, 0x000000008ca00000| 39%| S|CS|TAMS 0x000000008c900000, 0x000000008c900000| Complete 
| 202|0x000000008ca00000, 0x000000008cb00000, 0x000000008cb00000|100%| S|CS|TAMS 0x000000008ca00000, 0x000000008ca00000| Complete 
| 203|0x000000008cb00000, 0x000000008cc00000, 0x000000008cc00000|100%| S|CS|TAMS 0x000000008cb00000, 0x000000008cb00000| Complete 
| 204|0x000000008cc00000, 0x000000008cd00000, 0x000000008cd00000|100%| S|CS|TAMS 0x000000008cc00000, 0x000000008cc00000| Complete 
| 205|0x000000008cd00000, 0x000000008ce00000, 0x000000008ce00000|100%| S|CS|TAMS 0x000000008cd00000, 0x000000008cd00000| Complete 
| 206|0x000000008ce00000, 0x000000008cf00000, 0x000000008cf00000|100%| S|CS|TAMS 0x000000008ce00000, 0x000000008ce00000| Complete 
| 207|0x000000008cf00000, 0x000000008cf00000, 0x000000008d000000|  0%| F|  |TAMS 0x000000008cf00000, 0x000000008cf00000| Untracked 
| 208|0x000000008d000000, 0x000000008d000000, 0x000000008d100000|  0%| F|  |TAMS 0x000000008d000000, 0x000000008d000000| Untracked 
| 209|0x000000008d100000, 0x000000008d100000, 0x000000008d200000|  0%| F|  |TAMS 0x000000008d100000, 0x000000008d100000| Untracked 
| 210|0x000000008d200000, 0x000000008d200000, 0x000000008d300000|  0%| F|  |TAMS 0x000000008d200000, 0x000000008d200000| Untracked 
| 211|0x000000008d300000, 0x000000008d300000, 0x000000008d400000|  0%| F|  |TAMS 0x000000008d300000, 0x000000008d300000| Untracked 
| 212|0x000000008d400000, 0x000000008d400000, 0x000000008d500000|  0%| F|  |TAMS 0x000000008d400000, 0x000000008d400000| Untracked 
| 213|0x000000008d500000, 0x000000008d500000, 0x000000008d600000|  0%| F|  |TAMS 0x000000008d500000, 0x000000008d500000| Untracked 
| 214|0x000000008d600000, 0x000000008d600000, 0x000000008d700000|  0%| F|  |TAMS 0x000000008d600000, 0x000000008d600000| Untracked 
| 215|0x000000008d700000, 0x000000008d700000, 0x000000008d800000|  0%| F|  |TAMS 0x000000008d700000, 0x000000008d700000| Untracked 
| 216|0x000000008d800000, 0x000000008d800000, 0x000000008d900000|  0%| F|  |TAMS 0x000000008d800000, 0x000000008d800000| Untracked 
| 217|0x000000008d900000, 0x000000008d900000, 0x000000008da00000|  0%| F|  |TAMS 0x000000008d900000, 0x000000008d900000| Untracked 
| 218|0x000000008da00000, 0x000000008da00000, 0x000000008db00000|  0%| F|  |TAMS 0x000000008da00000, 0x000000008da00000| Untracked 
| 219|0x000000008db00000, 0x000000008db00000, 0x000000008dc00000|  0%| F|  |TAMS 0x000000008db00000, 0x000000008db00000| Untracked 
| 220|0x000000008dc00000, 0x000000008dc00000, 0x000000008dd00000|  0%| F|  |TAMS 0x000000008dc00000, 0x000000008dc00000| Untracked 
| 221|0x000000008dd00000, 0x000000008dd00000, 0x000000008de00000|  0%| F|  |TAMS 0x000000008dd00000, 0x000000008dd00000| Untracked 
| 222|0x000000008de00000, 0x000000008de00000, 0x000000008df00000|  0%| F|  |TAMS 0x000000008de00000, 0x000000008de00000| Untracked 
| 223|0x000000008df00000, 0x000000008df00000, 0x000000008e000000|  0%| F|  |TAMS 0x000000008df00000, 0x000000008df00000| Untracked 
| 224|0x000000008e000000, 0x000000008e000000, 0x000000008e100000|  0%| F|  |TAMS 0x000000008e000000, 0x000000008e000000| Untracked 
| 225|0x000000008e100000, 0x000000008e100000, 0x000000008e200000|  0%| F|  |TAMS 0x000000008e100000, 0x000000008e100000| Untracked 
| 226|0x000000008e200000, 0x000000008e200000, 0x000000008e300000|  0%| F|  |TAMS 0x000000008e200000, 0x000000008e200000| Untracked 
| 227|0x000000008e300000, 0x000000008e300000, 0x000000008e400000|  0%| F|  |TAMS 0x000000008e300000, 0x000000008e300000| Untracked 
| 228|0x000000008e400000, 0x000000008e400000, 0x000000008e500000|  0%| F|  |TAMS 0x000000008e400000, 0x000000008e400000| Untracked 
| 229|0x000000008e500000, 0x000000008e500000, 0x000000008e600000|  0%| F|  |TAMS 0x000000008e500000, 0x000000008e500000| Untracked 
| 230|0x000000008e600000, 0x000000008e600000, 0x000000008e700000|  0%| F|  |TAMS 0x000000008e600000, 0x000000008e600000| Untracked 
| 231|0x000000008e700000, 0x000000008e700000, 0x000000008e800000|  0%| F|  |TAMS 0x000000008e700000, 0x000000008e700000| Untracked 
| 232|0x000000008e800000, 0x000000008e800000, 0x000000008e900000|  0%| F|  |TAMS 0x000000008e800000, 0x000000008e800000| Untracked 
| 233|0x000000008e900000, 0x000000008e900000, 0x000000008ea00000|  0%| F|  |TAMS 0x000000008e900000, 0x000000008e900000| Untracked 
| 234|0x000000008ea00000, 0x000000008ea00000, 0x000000008eb00000|  0%| F|  |TAMS 0x000000008ea00000, 0x000000008ea00000| Untracked 
| 235|0x000000008eb00000, 0x000000008eb00000, 0x000000008ec00000|  0%| F|  |TAMS 0x000000008eb00000, 0x000000008eb00000| Untracked 
| 236|0x000000008ec00000, 0x000000008ec00000, 0x000000008ed00000|  0%| F|  |TAMS 0x000000008ec00000, 0x000000008ec00000| Untracked 
| 237|0x000000008ed00000, 0x000000008ed00000, 0x000000008ee00000|  0%| F|  |TAMS 0x000000008ed00000, 0x000000008ed00000| Untracked 
| 238|0x000000008ee00000, 0x000000008ee00000, 0x000000008ef00000|  0%| F|  |TAMS 0x000000008ee00000, 0x000000008ee00000| Untracked 
| 239|0x000000008ef00000, 0x000000008ef00000, 0x000000008f000000|  0%| F|  |TAMS 0x000000008ef00000, 0x000000008ef00000| Untracked 
| 240|0x000000008f000000, 0x000000008f000000, 0x000000008f100000|  0%| F|  |TAMS 0x000000008f000000, 0x000000008f000000| Untracked 
| 241|0x000000008f100000, 0x000000008f100000, 0x000000008f200000|  0%| F|  |TAMS 0x000000008f100000, 0x000000008f100000| Untracked 
| 242|0x000000008f200000, 0x000000008f200000, 0x000000008f300000|  0%| F|  |TAMS 0x000000008f200000, 0x000000008f200000| Untracked 
| 243|0x000000008f300000, 0x000000008f300000, 0x000000008f400000|  0%| F|  |TAMS 0x000000008f300000, 0x000000008f300000| Untracked 
| 244|0x000000008f400000, 0x000000008f400000, 0x000000008f500000|  0%| F|  |TAMS 0x000000008f400000, 0x000000008f400000| Untracked 
| 245|0x000000008f500000, 0x000000008f500000, 0x000000008f600000|  0%| F|  |TAMS 0x000000008f500000, 0x000000008f500000| Untracked 
| 246|0x000000008f600000, 0x000000008f600000, 0x000000008f700000|  0%| F|  |TAMS 0x000000008f600000, 0x000000008f600000| Untracked 
| 247|0x000000008f700000, 0x000000008f700000, 0x000000008f800000|  0%| F|  |TAMS 0x000000008f700000, 0x000000008f700000| Untracked 
| 248|0x000000008f800000, 0x000000008f800000, 0x000000008f900000|  0%| F|  |TAMS 0x000000008f800000, 0x000000008f800000| Untracked 
| 249|0x000000008f900000, 0x000000008f900000, 0x000000008fa00000|  0%| F|  |TAMS 0x000000008f900000, 0x000000008f900000| Untracked 
| 250|0x000000008fa00000, 0x000000008fa00000, 0x000000008fb00000|  0%| F|  |TAMS 0x000000008fa00000, 0x000000008fa00000| Untracked 
| 251|0x000000008fb00000, 0x000000008fb00000, 0x000000008fc00000|  0%| F|  |TAMS 0x000000008fb00000, 0x000000008fb00000| Untracked 
| 252|0x000000008fc00000, 0x000000008fc00000, 0x000000008fd00000|  0%| F|  |TAMS 0x000000008fc00000, 0x000000008fc00000| Untracked 
| 253|0x000000008fd00000, 0x000000008fd00000, 0x000000008fe00000|  0%| F|  |TAMS 0x000000008fd00000, 0x000000008fd00000| Untracked 
| 254|0x000000008fe00000, 0x000000008fe00000, 0x000000008ff00000|  0%| F|  |TAMS 0x000000008fe00000, 0x000000008fe00000| Untracked 
| 255|0x000000008ff00000, 0x000000008ff00000, 0x0000000090000000|  0%| F|  |TAMS 0x000000008ff00000, 0x000000008ff00000| Untracked 
| 256|0x0000000090000000, 0x0000000090000000, 0x0000000090100000|  0%| F|  |TAMS 0x0000000090000000, 0x0000000090000000| Untracked 
| 257|0x0000000090100000, 0x0000000090100000, 0x0000000090200000|  0%| F|  |TAMS 0x0000000090100000, 0x0000000090100000| Untracked 
| 258|0x0000000090200000, 0x0000000090200000, 0x0000000090300000|  0%| F|  |TAMS 0x0000000090200000, 0x0000000090200000| Untracked 
| 259|0x0000000090300000, 0x0000000090300000, 0x0000000090400000|  0%| F|  |TAMS 0x0000000090300000, 0x0000000090300000| Untracked 
| 260|0x0000000090400000, 0x0000000090400000, 0x0000000090500000|  0%| F|  |TAMS 0x0000000090400000, 0x0000000090400000| Untracked 
| 261|0x0000000090500000, 0x0000000090500000, 0x0000000090600000|  0%| F|  |TAMS 0x0000000090500000, 0x0000000090500000| Untracked 

Card table byte_map: [0x000001aa77ee0000,0x000001aa782e0000] _byte_map_base: 0x000001aa77ae0000

Marking Bits (Prev, Next): (CMBitMap*) 0x000001aa60f58060, (CMBitMap*) 0x000001aa60f58020
 Prev Bits: [0x000001aa7a6e0000, 0x000001aa7c6e0000)
 Next Bits: [0x000001aa786e0000, 0x000001aa7a6e0000)

Polling page: 0x000001aa5eda0000

Metaspace:

Usage:
  Non-class:     99.91 MB used.
      Class:     16.17 MB used.
       Both:    116.08 MB used.

Virtual space:
  Non-class space:      128.00 MB reserved,     100.62 MB ( 79%) committed,  2 nodes.
      Class space:      416.00 MB reserved,      16.75 MB (  4%) committed,  1 nodes.
             Both:      544.00 MB reserved,     117.38 MB ( 22%) committed. 

Chunk freelists:
   Non-Class:  11.34 MB
       Class:  15.06 MB
        Both:  26.41 MB

MaxMetaspaceSize: 512.00 MB
CompressedClassSpaceSize: 416.00 MB
Initial GC threshold: 21.00 MB
Current GC threshold: 185.94 MB
CDS: on
MetaspaceReclaimPolicy: balanced
 - commit_granule_bytes: 65536.
 - commit_granule_words: 8192.
 - virtual_space_node_default_size: 8388608.
 - enlarge_chunks_in_place: 1.
 - new_chunks_are_fully_committed: 0.
 - uncommit_free_chunks: 1.
 - use_allocation_guard: 0.
 - handle_deallocations: 1.


Internal statistics:

num_allocs_failed_limit: 12.
num_arena_births: 1882.
num_arena_deaths: 8.
num_vsnodes_births: 3.
num_vsnodes_deaths: 0.
num_space_committed: 1878.
num_space_uncommitted: 0.
num_chunks_returned_to_freelist: 24.
num_chunks_taken_from_freelist: 7376.
num_chunk_merges: 12.
num_chunk_splits: 4746.
num_chunks_enlarged: 2976.
num_inconsistent_stats: 0.

CodeHeap 'non-profiled nmethods': size=120000Kb used=9024Kb max_used=9024Kb free=110975Kb
 bounds [0x000001aa70280000, 0x000001aa70b60000, 0x000001aa777b0000]
CodeHeap 'profiled nmethods': size=120000Kb used=29145Kb max_used=29145Kb free=90854Kb
 bounds [0x000001aa687b0000, 0x000001aa6a430000, 0x000001aa6fce0000]
CodeHeap 'non-nmethods': size=5760Kb used=2480Kb max_used=2542Kb free=3279Kb
 bounds [0x000001aa6fce0000, 0x000001aa6ff70000, 0x000001aa70280000]
 total_blobs=15286 nmethods=14276 adapters=921
 compilation: enabled
              stopped_count=0, restarted_count=0
 full_count=0

Compilation events (20 events):
Event: 129.417 Thread 0x000001aa7f13c6b0 nmethod 16405 0x000001aa70b48110 code [0x000001aa70b482c0, 0x000001aa70b48858]
Event: 129.417 Thread 0x000001aa7f13c6b0 16484       4       org.gradle.api.internal.provider.ValueSupplier$Present::<init> (6 bytes)
Event: 129.418 Thread 0x000001aa7f13c6b0 nmethod 16484 0x000001aa70790f90 code [0x000001aa70791100, 0x000001aa70791298]
Event: 129.418 Thread 0x000001aa7f13c6b0 16626       4       org.gradle.internal.snapshot.LargeChildMap::withNode (45 bytes)
Event: 129.445 Thread 0x000001aa7f13c6b0 nmethod 16626 0x000001aa70b48a10 code [0x000001aa70b48ca0, 0x000001aa70b49a40]
Event: 129.445 Thread 0x000001aa7f13c6b0 16266       4       org.gradle.api.internal.provider.Collectors$ElementFromProvider::isProvidedBy (9 bytes)
Event: 129.446 Thread 0x000001aa7f13c6b0 nmethod 16266 0x000001aa70b4a790 code [0x000001aa70b4a900, 0x000001aa70b4a9b8]
Event: 129.446 Thread 0x000001aa7f13c6b0 16253   !   4       org.gradle.internal.typeconversion.ErrorHandlingNotationParser::parseNotation (98 bytes)
Event: 129.448 Thread 0x000001aa7f13c6b0 nmethod 16253 0x000001aa70b4aa90 code [0x000001aa70b4ac20, 0x000001aa70b4acf8]
Event: 129.448 Thread 0x000001aa7f13c6b0 16628       4       java.lang.String::getChars (54 bytes)
Event: 129.451 Thread 0x000001aa7f13c6b0 nmethod 16628 0x000001aa70b4ae10 code [0x000001aa70b4afa0, 0x000001aa70b4b3d8]
Event: 129.451 Thread 0x000001aa7f13c6b0 16630       4       java.util.TimSort::sort (229 bytes)
Event: 129.461 Thread 0x000001aa7f13d070 16632       3       org.gradle.internal.Deferrable$$Lambda$999/0x000001aa0167b7c8::get (14 bytes)
Event: 129.462 Thread 0x000001aa7f13d070 nmethod 16632 0x000001aa6a421010 code [0x000001aa6a421200, 0x000001aa6a4217c8]
Event: 129.462 Thread 0x000001aa7f13d070 16633       3       org.gradle.internal.Deferrable::lambda$flatMap$0 (21 bytes)
Event: 129.462 Thread 0x000001aa7f13d070 nmethod 16633 0x000001aa6a421990 code [0x000001aa6a421b60, 0x000001aa6a421fc8]
Event: 129.559 Thread 0x000001aa7f13c6b0 nmethod 16630 0x000001aa70b4b690 code [0x000001aa70b4b900, 0x000001aa70b4e9f8]
Event: 129.559 Thread 0x000001aa7f13c6b0 16629   !   4       java.nio.file.FileTreeWalker::next (144 bytes)
Event: 129.673 Thread 0x000001aa7f13d070 16639   !   3       java.util.concurrent.ConcurrentHashMap::transfer (849 bytes)
Event: 129.676 Thread 0x000001aa7f13d070 nmethod 16639 0x000001aa6a422110 code [0x000001aa6a422560, 0x000001aa6a424d38]

GC Heap History (20 events):
Event: 121.412 GC heap after
{Heap after GC invocations=47 (full 0):
 garbage-first heap   total 211968K, used 147246K [0x0000000080000000, 0x0000000100000000)
  region size 1024K, 6 young (6144K), 6 survivors (6144K)
 Metaspace       used 103524K, committed 104704K, reserved 557056K
  class space    used 14238K, committed 14784K, reserved 425984K
}
Event: 121.811 GC heap before
{Heap before GC invocations=47 (full 0):
 garbage-first heap   total 211968K, used 180014K [0x0000000080000000, 0x0000000100000000)
  region size 1024K, 38 young (38912K), 6 survivors (6144K)
 Metaspace       used 105332K, committed 106496K, reserved 557056K
  class space    used 14468K, committed 15040K, reserved 425984K
}
Event: 121.816 GC heap after
{Heap after GC invocations=48 (full 0):
 garbage-first heap   total 211968K, used 149204K [0x0000000080000000, 0x0000000100000000)
  region size 1024K, 3 young (3072K), 3 survivors (3072K)
 Metaspace       used 105332K, committed 106496K, reserved 557056K
  class space    used 14468K, committed 15040K, reserved 425984K
}
Event: 122.001 GC heap before
{Heap before GC invocations=48 (full 0):
 garbage-first heap   total 211968K, used 168660K [0x0000000080000000, 0x0000000100000000)
  region size 1024K, 23 young (23552K), 3 survivors (3072K)
 Metaspace       used 106354K, committed 107520K, reserved 557056K
  class space    used 14623K, committed 15168K, reserved 425984K
}
Event: 122.004 GC heap after
{Heap after GC invocations=49 (full 0):
 garbage-first heap   total 211968K, used 149961K [0x0000000080000000, 0x0000000100000000)
  region size 1024K, 3 young (3072K), 3 survivors (3072K)
 Metaspace       used 106354K, committed 107520K, reserved 557056K
  class space    used 14623K, committed 15168K, reserved 425984K
}
Event: 122.345 GC heap before
{Heap before GC invocations=50 (full 0):
 garbage-first heap   total 268288K, used 177609K [0x0000000080000000, 0x0000000100000000)
  region size 1024K, 30 young (30720K), 3 survivors (3072K)
 Metaspace       used 107653K, committed 108800K, reserved 557056K
  class space    used 14826K, committed 15424K, reserved 425984K
}
Event: 122.349 GC heap after
{Heap after GC invocations=51 (full 0):
 garbage-first heap   total 268288K, used 149663K [0x0000000080000000, 0x0000000100000000)
  region size 1024K, 2 young (2048K), 2 survivors (2048K)
 Metaspace       used 107653K, committed 108800K, reserved 557056K
  class space    used 14826K, committed 15424K, reserved 425984K
}
Event: 122.801 GC heap before
{Heap before GC invocations=51 (full 0):
 garbage-first heap   total 268288K, used 160927K [0x0000000080000000, 0x0000000100000000)
  region size 1024K, 13 young (13312K), 2 survivors (2048K)
 Metaspace       used 108335K, committed 109568K, reserved 557056K
  class space    used 14954K, committed 15552K, reserved 425984K
}
Event: 122.806 GC heap after
{Heap after GC invocations=52 (full 0):
 garbage-first heap   total 268288K, used 141574K [0x0000000080000000, 0x0000000100000000)
  region size 1024K, 1 young (1024K), 1 survivors (1024K)
 Metaspace       used 108335K, committed 109568K, reserved 557056K
  class space    used 14954K, committed 15552K, reserved 425984K
}
Event: 123.828 GC heap before
{Heap before GC invocations=52 (full 0):
 garbage-first heap   total 268288K, used 224518K [0x0000000080000000, 0x0000000100000000)
  region size 1024K, 82 young (83968K), 1 survivors (1024K)
 Metaspace       used 112921K, committed 114112K, reserved 557056K
  class space    used 15672K, committed 16256K, reserved 425984K
}
Event: 123.834 GC heap after
{Heap after GC invocations=53 (full 0):
 garbage-first heap   total 268288K, used 143959K [0x0000000080000000, 0x0000000100000000)
  region size 1024K, 4 young (4096K), 4 survivors (4096K)
 Metaspace       used 112921K, committed 114112K, reserved 557056K
  class space    used 15672K, committed 16256K, reserved 425984K
}
Event: 125.958 GC heap before
{Heap before GC invocations=54 (full 0):
 garbage-first heap   total 268288K, used 225879K [0x0000000080000000, 0x0000000100000000)
  region size 1024K, 84 young (86016K), 4 survivors (4096K)
 Metaspace       used 115856K, committed 117056K, reserved 557056K
  class space    used 16101K, committed 16704K, reserved 425984K
}
Event: 125.965 GC heap after
{Heap after GC invocations=55 (full 0):
 garbage-first heap   total 268288K, used 150227K [0x0000000080000000, 0x0000000100000000)
  region size 1024K, 10 young (10240K), 10 survivors (10240K)
 Metaspace       used 115856K, committed 117056K, reserved 557056K
  class space    used 16101K, committed 16704K, reserved 425984K
}
Event: 126.006 GC heap before
{Heap before GC invocations=55 (full 0):
 garbage-first heap   total 268288K, used 153299K [0x0000000080000000, 0x0000000100000000)
  region size 1024K, 13 young (13312K), 10 survivors (10240K)
 Metaspace       used 115972K, committed 117184K, reserved 557056K
  class space    used 16117K, committed 16704K, reserved 425984K
}
Event: 126.023 GC heap after
{Heap after GC invocations=56 (full 0):
 garbage-first heap   total 268288K, used 149155K [0x0000000080000000, 0x0000000100000000)
  region size 1024K, 2 young (2048K), 2 survivors (2048K)
 Metaspace       used 115972K, committed 117184K, reserved 557056K
  class space    used 16117K, committed 16704K, reserved 425984K
}
Event: 128.643 GC heap before
{Heap before GC invocations=56 (full 0):
 garbage-first heap   total 268288K, used 224931K [0x0000000080000000, 0x0000000100000000)
  region size 1024K, 76 young (77824K), 2 survivors (2048K)
 Metaspace       used 118555K, committed 119872K, reserved 557056K
  class space    used 16515K, committed 17152K, reserved 425984K
}
Event: 128.655 GC heap after
{Heap after GC invocations=57 (full 0):
 garbage-first heap   total 268288K, used 159606K [0x0000000080000000, 0x0000000100000000)
  region size 1024K, 10 young (10240K), 10 survivors (10240K)
 Metaspace       used 118555K, committed 119872K, reserved 557056K
  class space    used 16515K, committed 17152K, reserved 425984K
}
Event: 129.505 GC heap before
{Heap before GC invocations=57 (full 0):
 garbage-first heap   total 268288K, used 222070K [0x0000000080000000, 0x0000000100000000)
  region size 1024K, 72 young (73728K), 10 survivors (10240K)
 Metaspace       used 118868K, committed 120192K, reserved 557056K
  class space    used 16556K, committed 17152K, reserved 425984K
}
Event: 129.524 GC heap after
{Heap after GC invocations=58 (full 0):
 garbage-first heap   total 268288K, used 167230K [0x0000000080000000, 0x0000000100000000)
  region size 1024K, 9 young (9216K), 9 survivors (9216K)
 Metaspace       used 118868K, committed 120192K, reserved 557056K
  class space    used 16556K, committed 17152K, reserved 425984K
}
Event: 129.769 GC heap before
{Heap before GC invocations=58 (full 0):
 garbage-first heap   total 268288K, used 222526K [0x0000000080000000, 0x0000000100000000)
  region size 1024K, 64 young (65536K), 9 survivors (9216K)
 Metaspace       used 118868K, committed 120192K, reserved 557056K
  class space    used 16556K, committed 17152K, reserved 425984K
}

Deoptimization events (20 events):
Event: 129.174 Thread 0x000001aa1f413c40 DEOPT PACKING pc=0x000001aa6a267a49 sp=0x00000066b43fe950
Event: 129.174 Thread 0x000001aa1f413c40 DEOPT UNPACKING pc=0x000001aa6fd366e3 sp=0x00000066b43fddf0 mode 0
Event: 129.216 Thread 0x000001aa1f413c40 DEOPT PACKING pc=0x000001aa6a267a49 sp=0x00000066b43fe950
Event: 129.216 Thread 0x000001aa1f413c40 DEOPT UNPACKING pc=0x000001aa6fd366e3 sp=0x00000066b43fddf0 mode 0
Event: 129.391 Thread 0x000001aa21276740 Uncommon trap: trap_request=0xffffff76 fr.pc=0x000001aa70a03e9c relative=0x000000000000067c
Event: 129.391 Thread 0x000001aa21276740 Uncommon trap: reason=predicate action=maybe_recompile pc=0x000001aa70a03e9c method=java.util.ComparableTimSort.binarySort([Ljava/lang/Object;III)V @ 34 c2
Event: 129.391 Thread 0x000001aa21276740 DEOPT PACKING pc=0x000001aa70a03e9c sp=0x00000066b3ef2ba0
Event: 129.391 Thread 0x000001aa21276740 DEOPT UNPACKING pc=0x000001aa6fd35ba3 sp=0x00000066b3ef2b48 mode 2
Event: 129.439 Thread 0x000001aa1f413c40 DEOPT PACKING pc=0x000001aa6a267a49 sp=0x00000066b43fe950
Event: 129.439 Thread 0x000001aa1f413c40 DEOPT UNPACKING pc=0x000001aa6fd366e3 sp=0x00000066b43fddf0 mode 0
Event: 129.576 Thread 0x000001aa1f413c40 DEOPT PACKING pc=0x000001aa6a267a49 sp=0x00000066b43fe950
Event: 129.576 Thread 0x000001aa1f413c40 DEOPT UNPACKING pc=0x000001aa6fd366e3 sp=0x00000066b43fddf0 mode 0
Event: 129.670 Thread 0x000001aa214acda0 Uncommon trap: trap_request=0xffffff45 fr.pc=0x000001aa709d22dc relative=0x000000000000131c
Event: 129.670 Thread 0x000001aa214acda0 Uncommon trap: reason=unstable_if action=reinterpret pc=0x000001aa709d22dc method=java.util.concurrent.ConcurrentHashMap.transfer([Ljava/util/concurrent/ConcurrentHashMap$Node;[Ljava/util/concurrent/ConcurrentHashMap$Node;)V @ 172 c2
Event: 129.670 Thread 0x000001aa214acda0 DEOPT PACKING pc=0x000001aa709d22dc sp=0x00000066b78fe0a0
Event: 129.670 Thread 0x000001aa214acda0 DEOPT UNPACKING pc=0x000001aa6fd35ba3 sp=0x00000066b78fe060 mode 2
Event: 129.674 Thread 0x000001aa1f413c40 DEOPT PACKING pc=0x000001aa6a267a49 sp=0x00000066b43fe950
Event: 129.674 Thread 0x000001aa1f413c40 DEOPT UNPACKING pc=0x000001aa6fd366e3 sp=0x00000066b43fddf0 mode 0
Event: 129.751 Thread 0x000001aa1f413c40 DEOPT PACKING pc=0x000001aa6a267a49 sp=0x00000066b43fe950
Event: 129.751 Thread 0x000001aa1f413c40 DEOPT UNPACKING pc=0x000001aa6fd366e3 sp=0x00000066b43fddf0 mode 0

Classes unloaded (4 events):
Event: 122.111 Thread 0x000001aa7f11bf50 Unloading class 0x000001aa01b78400 'java/lang/invoke/LambdaForm$DMH+0x000001aa01b78400'
Event: 122.111 Thread 0x000001aa7f11bf50 Unloading class 0x000001aa01b60400 'java/lang/invoke/LambdaForm$DMH+0x000001aa01b60400'
Event: 122.111 Thread 0x000001aa7f11bf50 Unloading class 0x000001aa01b44c00 'java/lang/invoke/LambdaForm$MH+0x000001aa01b44c00'
Event: 122.111 Thread 0x000001aa7f11bf50 Unloading class 0x000001aa01b44400 'java/lang/invoke/LambdaForm$DMH+0x000001aa01b44400'

Classes redefined (0 events):
No events

Internal exceptions (20 events):
Event: 128.687 Thread 0x000001aa21276740 Exception <a 'java/lang/ClassNotFoundException'{0x0000000090247120}: org/gradle/invocation/DefaultGradle_DecoratedBeanInfo> (0x0000000090247120) 
thrown [s\open\src\hotspot\share\classfile\systemDictionary.cpp, line 256]
Event: 128.689 Thread 0x000001aa21276740 Exception <a 'java/lang/ClassNotFoundException'{0x0000000090263a68}: org/gradle/invocation/DefaultGradleBeanInfo> (0x0000000090263a68) 
thrown [s\open\src\hotspot\share\classfile\systemDictionary.cpp, line 256]
Event: 128.690 Thread 0x000001aa21276740 Exception <a 'java/lang/ClassNotFoundException'{0x0000000090280388}: org/gradle/invocation/DefaultGradleCustomizer> (0x0000000090280388) 
thrown [s\open\src\hotspot\share\classfile\systemDictionary.cpp, line 256]
Event: 128.692 Thread 0x000001aa21276740 Exception <a 'java/lang/ClassNotFoundException'{0x00000000902cdaf0}: org/gradle/invocation/DefaultGradle_DecoratedCustomizer> (0x00000000902cdaf0) 
thrown [s\open\src\hotspot\share\classfile\systemDictionary.cpp, line 256]
Event: 128.696 Thread 0x000001aa21276740 Exception <a 'java/lang/ClassNotFoundException'{0x0000000090152410}: expo/modules/plugin/ExpoGradleExtension_DecoratedBeanInfo> (0x0000000090152410) 
thrown [s\open\src\hotspot\share\classfile\systemDictionary.cpp, line 256]
Event: 128.697 Thread 0x000001aa21276740 Exception <a 'java/lang/ClassNotFoundException'{0x0000000090163718}: expo/modules/plugin/ExpoGradleExtensionBeanInfo> (0x0000000090163718) 
thrown [s\open\src\hotspot\share\classfile\systemDictionary.cpp, line 256]
Event: 128.698 Thread 0x000001aa21276740 Exception <a 'java/lang/ClassNotFoundException'{0x0000000090174a58}: expo/modules/plugin/ExpoGradleExtensionCustomizer> (0x0000000090174a58) 
thrown [s\open\src\hotspot\share\classfile\systemDictionary.cpp, line 256]
Event: 128.698 Thread 0x000001aa21276740 Exception <a 'java/lang/ClassNotFoundException'{0x000000009018ab28}: expo/modules/plugin/ExpoGradleExtension_DecoratedCustomizer> (0x000000009018ab28) 
thrown [s\open\src\hotspot\share\classfile\systemDictionary.cpp, line 256]
Event: 128.732 Thread 0x000001aa21276740 Exception <a 'java/lang/ClassNotFoundException'{0x000000008ff94bb0}: build_9khxous9stnt8twny30l5nzfeBeanInfo> (0x000000008ff94bb0) 
thrown [s\open\src\hotspot\share\classfile\systemDictionary.cpp, line 256]
Event: 128.732 Thread 0x000001aa21276740 Exception <a 'java/lang/ClassNotFoundException'{0x000000008ffa2c80}: build_9khxous9stnt8twny30l5nzfeCustomizer> (0x000000008ffa2c80) 
thrown [s\open\src\hotspot\share\classfile\systemDictionary.cpp, line 256]
Event: 128.795 Thread 0x000001aa21276740 Exception <a 'java/lang/ClassNotFoundException'{0x000000008fc3d7d0}: build_9khxous9stnt8twny30l5nzfeBeanInfo> (0x000000008fc3d7d0) 
thrown [s\open\src\hotspot\share\classfile\systemDictionary.cpp, line 256]
Event: 128.796 Thread 0x000001aa21276740 Exception <a 'java/lang/ClassNotFoundException'{0x000000008fc48640}: build_9khxous9stnt8twny30l5nzfeCustomizer> (0x000000008fc48640) 
thrown [s\open\src\hotspot\share\classfile\systemDictionary.cpp, line 256]
Event: 128.847 Thread 0x000001aa21276740 Exception <a 'java/lang/ClassNotFoundException'{0x000000008f8ac550}: org/gradle/api/internal/StartParameterInternalBeanInfo> (0x000000008f8ac550) 
thrown [s\open\src\hotspot\share\classfile\systemDictionary.cpp, line 256]
Event: 128.848 Thread 0x000001aa21276740 Exception <a 'java/lang/ClassNotFoundException'{0x000000008f8c83e8}: org/gradle/StartParameterBeanInfo> (0x000000008f8c83e8) 
thrown [s\open\src\hotspot\share\classfile\systemDictionary.cpp, line 256]
Event: 128.848 Thread 0x000001aa21276740 Exception <a 'java/lang/ClassNotFoundException'{0x000000008f8e37e8}: org/gradle/StartParameterCustomizer> (0x000000008f8e37e8) 
thrown [s\open\src\hotspot\share\classfile\systemDictionary.cpp, line 256]
Event: 128.850 Thread 0x000001aa21276740 Exception <a 'java/lang/ClassNotFoundException'{0x000000008f746428}: org/gradle/api/internal/StartParameterInternalCustomizer> (0x000000008f746428) 
thrown [s\open\src\hotspot\share\classfile\systemDictionary.cpp, line 256]
Event: 128.855 Thread 0x000001aa21276740 Exception <a 'java/lang/ClassNotFoundException'{0x000000008f7cb9d8}: java/util/regex/MatcherBeanInfo> (0x000000008f7cb9d8) 
thrown [s\open\src\hotspot\share\classfile\systemDictionary.cpp, line 256]
Event: 128.855 Thread 0x000001aa21276740 Exception <a 'java/lang/ClassNotFoundException'{0x000000008f7d8178}: java/util/regex/MatcherCustomizer> (0x000000008f7d8178) 
thrown [s\open\src\hotspot\share\classfile\systemDictionary.cpp, line 256]
Event: 128.884 Thread 0x000001aa21276740 Exception <a 'java/lang/ClassNotFoundException'{0x000000008f55fbd8}: build_b25l9jn6bwe3hi6d716p0vxm9BeanInfo> (0x000000008f55fbd8) 
thrown [s\open\src\hotspot\share\classfile\systemDictionary.cpp, line 256]
Event: 128.885 Thread 0x000001aa21276740 Exception <a 'java/lang/ClassNotFoundException'{0x000000008f570728}: build_b25l9jn6bwe3hi6d716p0vxm9Customizer> (0x000000008f570728) 
thrown [s\open\src\hotspot\share\classfile\systemDictionary.cpp, line 256]

VM Operations (20 events):
Event: 125.078 Executing VM operation: Cleanup done
Event: 125.895 Executing VM operation: HandshakeAllThreads
Event: 125.896 Executing VM operation: HandshakeAllThreads done
Event: 125.958 Executing VM operation: G1CollectForAllocation
Event: 125.965 Executing VM operation: G1CollectForAllocation done
Event: 126.006 Executing VM operation: G1CollectForAllocation
Event: 126.023 Executing VM operation: G1CollectForAllocation done
Event: 126.404 Executing VM operation: HandshakeAllThreads
Event: 126.404 Executing VM operation: HandshakeAllThreads done
Event: 127.405 Executing VM operation: Cleanup
Event: 127.405 Executing VM operation: Cleanup done
Event: 128.407 Executing VM operation: Cleanup
Event: 128.407 Executing VM operation: Cleanup done
Event: 128.643 Executing VM operation: G1CollectForAllocation
Event: 128.655 Executing VM operation: G1CollectForAllocation done
Event: 128.734 Executing VM operation: HandshakeAllThreads
Event: 128.734 Executing VM operation: HandshakeAllThreads done
Event: 129.505 Executing VM operation: G1CollectForAllocation
Event: 129.524 Executing VM operation: G1CollectForAllocation done
Event: 129.768 Executing VM operation: G1CollectForAllocation

Events (20 events):
Event: 125.616 loading class java/util/AbstractListCustomizer done
Event: 125.617 loading class java/util/ArrayListCustomizer
Event: 125.617 loading class java/util/ArrayListCustomizer done
Event: 125.617 loading class java/util/ArrayListCustomizer
Event: 125.617 loading class java/util/ArrayListCustomizer done
Event: 125.676 loading class java/io/FilterReader
Event: 125.676 loading class java/io/FilterReader done
Event: 125.894 loading class java/io/NotSerializableException
Event: 125.894 loading class java/io/NotSerializableException done
Event: 128.737 Thread 0x000001aa7f13f990 flushing nmethod 0x000001aa706ec390
Event: 128.738 Thread 0x000001aa7f13f990 flushing nmethod 0x000001aa70790f90
Event: 128.738 Thread 0x000001aa7f13f990 flushing nmethod 0x000001aa707e9790
Event: 128.854 loading class java/util/regex/MatcherBeanInfo
Event: 128.854 loading class java/util/regex/MatcherBeanInfo done
Event: 128.855 loading class java/util/regex/MatcherBeanInfo
Event: 128.855 loading class java/util/regex/MatcherBeanInfo done
Event: 128.855 loading class java/util/regex/MatcherCustomizer
Event: 128.855 loading class java/util/regex/MatcherCustomizer done
Event: 128.855 loading class java/util/regex/MatcherCustomizer
Event: 128.855 loading class java/util/regex/MatcherCustomizer done


Dynamic libraries:
0x00007ff619700000 - 0x00007ff619710000 	C:\Program Files\Java\jdk-17\bin\java.exe
0x00007ff8d9ee0000 - 0x00007ff8da146000 	C:\WINDOWS\SYSTEM32\ntdll.dll
0x00007ff8d8840000 - 0x00007ff8d8909000 	C:\WINDOWS\System32\KERNEL32.DLL
0x00007ff8d7550000 - 0x00007ff8d794e000 	C:\WINDOWS\System32\KERNELBASE.dll
0x00007ff8d79f0000 - 0x00007ff8d7b3c000 	C:\WINDOWS\System32\ucrtbase.dll
0x00007ff8cf750000 - 0x00007ff8cf769000 	C:\Program Files\Java\jdk-17\bin\jli.dll
0x00007ff8cf730000 - 0x00007ff8cf74b000 	C:\Program Files\Java\jdk-17\bin\VCRUNTIME140.dll
0x00007ff8d9310000 - 0x00007ff8d93c7000 	C:\WINDOWS\System32\ADVAPI32.dll
0x00007ff8d93e0000 - 0x00007ff8d9489000 	C:\WINDOWS\System32\msvcrt.dll
0x00007ff8d7fa0000 - 0x00007ff8d804a000 	C:\WINDOWS\System32\sechost.dll
0x00007ff8d7df0000 - 0x00007ff8d7f08000 	C:\WINDOWS\System32\RPCRT4.dll
0x00007ff8d7c20000 - 0x00007ff8d7de7000 	C:\WINDOWS\System32\USER32.dll
0x00007ff8ba2a0000 - 0x00007ff8ba532000 	C:\WINDOWS\WinSxS\amd64_microsoft.windows.common-controls_6595b64144ccf1df_6.0.26100.8875_none_3e0d5d42e32fe9dd\COMCTL32.dll
0x00007ff8d73a0000 - 0x00007ff8d73c7000 	C:\WINDOWS\System32\win32u.dll
0x00007ff8d89f0000 - 0x00007ff8d8a1b000 	C:\WINDOWS\System32\GDI32.dll
0x00007ff8d71c0000 - 0x00007ff8d72ea000 	C:\WINDOWS\System32\gdi32full.dll
0x00007ff8d72f0000 - 0x00007ff8d7393000 	C:\WINDOWS\System32\msvcp_win.dll
0x00007ff8c7e70000 - 0x00007ff8c7e7b000 	C:\WINDOWS\SYSTEM32\VERSION.dll
0x00007ff8d8800000 - 0x00007ff8d8832000 	C:\WINDOWS\System32\IMM32.DLL
0x00007ff8d30e0000 - 0x00007ff8d30ec000 	C:\Program Files\Java\jdk-17\bin\vcruntime140_1.dll
0x00007ff87c1f0000 - 0x00007ff87c27e000 	C:\Program Files\Java\jdk-17\bin\msvcp140.dll
0x00007ff82fec0000 - 0x00007ff830aa0000 	C:\Program Files\Java\jdk-17\bin\server\jvm.dll
0x00007ff8d7c10000 - 0x00007ff8d7c18000 	C:\WINDOWS\System32\PSAPI.DLL
0x00007ff8d4810000 - 0x00007ff8d4846000 	C:\WINDOWS\SYSTEM32\WINMM.dll
0x00007ff8bd2f0000 - 0x00007ff8bd2fa000 	C:\WINDOWS\SYSTEM32\WSOCK32.dll
0x00007ff8d8050000 - 0x00007ff8d80d0000 	C:\WINDOWS\System32\WS2_32.dll
0x00007ff8d5de0000 - 0x00007ff8d5dfb000 	C:\WINDOWS\SYSTEM32\kernel.appcore.dll
0x00007ff8d11b0000 - 0x00007ff8d11ba000 	C:\Program Files\Java\jdk-17\bin\jimage.dll
0x00007ff8d4530000 - 0x00007ff8d4772000 	C:\WINDOWS\SYSTEM32\DBGHELP.DLL
0x00007ff8d8470000 - 0x00007ff8d87f3000 	C:\WINDOWS\System32\combase.dll
0x00007ff8d8910000 - 0x00007ff8d89e9000 	C:\WINDOWS\System32\OLEAUT32.dll
0x00007ff8d47d0000 - 0x00007ff8d480b000 	C:\WINDOWS\SYSTEM32\dbgcore.DLL
0x00007ff8d7100000 - 0x00007ff8d71ac000 	C:\WINDOWS\System32\bcryptPrimitives.dll
0x00007ff8bf480000 - 0x00007ff8bf48e000 	C:\Program Files\Java\jdk-17\bin\instrument.dll
0x00007ff8c6c70000 - 0x00007ff8c6c95000 	C:\Program Files\Java\jdk-17\bin\java.dll
0x00007ff87c110000 - 0x00007ff87c1e7000 	C:\Program Files\Java\jdk-17\bin\jsvml.dll
0x00007ff8d9490000 - 0x00007ff8d9c22000 	C:\WINDOWS\System32\SHELL32.dll
0x00007ff8d4b70000 - 0x00007ff8d5402000 	C:\WINDOWS\SYSTEM32\windows.storage.dll
0x00007ff8d9c30000 - 0x00007ff8d9d27000 	C:\WINDOWS\System32\SHCORE.dll
0x00007ff8d9220000 - 0x00007ff8d9287000 	C:\WINDOWS\System32\shlwapi.dll
0x00007ff8d7020000 - 0x00007ff8d7049000 	C:\WINDOWS\SYSTEM32\profapi.dll
0x00007ff8bcad0000 - 0x00007ff8bcae8000 	C:\Program Files\Java\jdk-17\bin\zip.dll
0x00007ff8c6790000 - 0x00007ff8c67a9000 	C:\Program Files\Java\jdk-17\bin\net.dll
0x00007ff8d04d0000 - 0x00007ff8d05f7000 	C:\WINDOWS\SYSTEM32\WINHTTP.dll
0x00007ff8d6390000 - 0x00007ff8d63fc000 	C:\WINDOWS\system32\mswsock.dll
0x00007ff8bf490000 - 0x00007ff8bf4a6000 	C:\Program Files\Java\jdk-17\bin\nio.dll
0x00007ff8c7d10000 - 0x00007ff8c7d20000 	C:\Program Files\Java\jdk-17\bin\verify.dll
0x00007ff8c69e0000 - 0x00007ff8c6a07000 	C:\Users\rohit\.gradle\native\1def1411415f61bf3af743bc5b6707747c0891f09f0c88961ee8f79bc544acac\windows-amd64\native-platform.dll
0x00007ff8afef0000 - 0x00007ff8aff68000 	C:\Users\rohit\.gradle\native\0.2.7\x86_64-windows-gnu\gradle-fileevents.dll
0x00007ff8c7890000 - 0x00007ff8c789a000 	C:\Program Files\Java\jdk-17\bin\management.dll
0x00007ff8c6a60000 - 0x00007ff8c6a6b000 	C:\Program Files\Java\jdk-17\bin\management_ext.dll
0x00007ff8d5810000 - 0x00007ff8d5843000 	C:\WINDOWS\SYSTEM32\IPHLPAPI.DLL
0x00007ff8d93d0000 - 0x00007ff8d93da000 	C:\WINDOWS\System32\NSI.dll
0x00007ff8d0660000 - 0x00007ff8d067d000 	C:\WINDOWS\SYSTEM32\dhcpcsvc6.DLL
0x00007ff8d0600000 - 0x00007ff8d0625000 	C:\WINDOWS\SYSTEM32\dhcpcsvc.DLL
0x00007ff8d5850000 - 0x00007ff8d59a6000 	C:\WINDOWS\SYSTEM32\DNSAPI.dll
0x00007ff8d6190000 - 0x00007ff8d619d000 	C:\WINDOWS\SYSTEM32\DSPARSE.dll
0x00007ff8d6690000 - 0x00007ff8d66ab000 	C:\WINDOWS\SYSTEM32\CRYPTSP.dll
0x00007ff8d5d40000 - 0x00007ff8d5d79000 	C:\WINDOWS\system32\rsaenh.dll
0x00007ff8d6450000 - 0x00007ff8d6482000 	C:\WINDOWS\SYSTEM32\USERENV.dll
0x00007ff8d6ff0000 - 0x00007ff8d701a000 	C:\WINDOWS\SYSTEM32\bcrypt.dll
0x00007ff8d66b0000 - 0x00007ff8d66bc000 	C:\WINDOWS\SYSTEM32\CRYPTBASE.dll
0x00007ff8bead0000 - 0x00007ff8beade000 	C:\Program Files\Java\jdk-17\bin\sunmscapi.dll
0x00007ff8d73d0000 - 0x00007ff8d7548000 	C:\WINDOWS\System32\CRYPT32.dll
0x00007ff8d68d0000 - 0x00007ff8d6900000 	C:\WINDOWS\SYSTEM32\ncrypt.dll
0x00007ff8d6880000 - 0x00007ff8d68bf000 	C:\WINDOWS\SYSTEM32\NTASN1.dll
0x00007ff8c7d90000 - 0x00007ff8c7d98000 	C:\WINDOWS\system32\wshunix.dll

dbghelp: loaded successfully - version: 4.0.5 - missing functions: none
symbol engine: initialized successfully - sym options: 0x614 - pdb path: .;C:\Program Files\Java\jdk-17\bin;C:\WINDOWS\SYSTEM32;C:\WINDOWS\WinSxS\amd64_microsoft.windows.common-controls_6595b64144ccf1df_6.0.26100.8875_none_3e0d5d42e32fe9dd;C:\Program Files\Java\jdk-17\bin\server;C:\Users\rohit\.gradle\native\1def1411415f61bf3af743bc5b6707747c0891f09f0c88961ee8f79bc544acac\windows-amd64;C:\Users\rohit\.gradle\native\0.2.7\x86_64-windows-gnu

VM Arguments:
jvm_args: --add-opens=java.base/java.lang=ALL-UNNAMED --add-opens=java.base/java.lang.invoke=ALL-UNNAMED --add-opens=java.base/java.util=ALL-UNNAMED --add-opens=java.prefs/java.util.prefs=ALL-UNNAMED --add-exports=jdk.compiler/com.sun.tools.javac.api=ALL-UNNAMED --add-exports=jdk.compiler/com.sun.tools.javac.util=ALL-UNNAMED --add-opens=java.base/java.util=ALL-UNNAMED --add-opens=java.prefs/java.util.prefs=ALL-UNNAMED --add-opens=java.base/java.nio.charset=ALL-UNNAMED --add-opens=java.base/java.net=ALL-UNNAMED --add-opens=java.base/java.util.concurrent.atomic=ALL-UNNAMED --add-opens=java.xml/javax.xml.namespace=ALL-UNNAMED -XX:MaxMetaspaceSize=512m -XX:+HeapDumpOnOutOfMemoryError -Xmx2g -Dfile.encoding=UTF-8 -Duser.country=IN -Duser.language=en -Duser.variant -javaagent:C:\Users\rohit\.gradle\wrapper\dists\gradle-8.13-all\54h0s9kvb6g2sinako7ub77ku\gradle-8.13\lib\agents\gradle-instrumentation-agent-8.13.jar 
java_command: org.gradle.launcher.daemon.bootstrap.GradleDaemon 8.13
java_class_path (initial): C:\Users\rohit\.gradle\wrapper\dists\gradle-8.13-all\54h0s9kvb6g2sinako7ub77ku\gradle-8.13\lib\gradle-daemon-main-8.13.jar
Launcher Type: SUN_STANDARD

[Global flags]
     intx CICompilerCount                          = 4                                         {product} {ergonomic}
   size_t CompressedClassSpaceSize                 = 436207616                                 {product} {ergonomic}
     uint ConcGCThreads                            = 2                                         {product} {ergonomic}
     uint G1ConcRefinementThreads                  = 8                                         {product} {ergonomic}
   size_t G1HeapRegionSize                         = 1048576                                   {product} {ergonomic}
    uintx GCDrainStackTargetSize                   = 64                                        {product} {ergonomic}
     bool HeapDumpOnOutOfMemoryError               = true                                   {manageable} {command line}
   size_t InitialHeapSize                          = 130023424                                 {product} {ergonomic}
   size_t MarkStackSize                            = 4194304                                   {product} {ergonomic}
   size_t MaxHeapSize                              = 2147483648                                {product} {command line}
   size_t MaxMetaspaceSize                         = 536870912                                 {product} {command line}
   size_t MaxNewSize                               = 1287651328                                {product} {ergonomic}
   size_t MinHeapDeltaBytes                        = 1048576                                   {product} {ergonomic}
   size_t MinHeapSize                              = 8388608                                   {product} {ergonomic}
    uintx NonNMethodCodeHeapSize                   = 5839372                                {pd product} {ergonomic}
    uintx NonProfiledCodeHeapSize                  = 122909434                              {pd product} {ergonomic}
    uintx ProfiledCodeHeapSize                     = 122909434                              {pd product} {ergonomic}
    uintx ReservedCodeCacheSize                    = 251658240                              {pd product} {ergonomic}
     bool SegmentedCodeCache                       = true                                      {product} {ergonomic}
   size_t SoftMaxHeapSize                          = 2147483648                             {manageable} {ergonomic}
     bool UseCompressedClassPointers               = true                           {product lp64_product} {ergonomic}
     bool UseCompressedOops                        = true                           {product lp64_product} {ergonomic}
     bool UseG1GC                                  = true                                      {product} {ergonomic}
     bool UseLargePagesIndividualAllocation        = false                                  {pd product} {ergonomic}

Logging:
Log output configuration:
 #0: stdout all=warning uptime,level,tags
 #1: stderr all=off uptime,level,tags

Environment Variables:
PATH=C:\Users\rohit\aparna\Biz\BizConsultancyApp\node_modules\.bin;C:\Users\rohit\aparna\Biz\node_modules\.bin;C:\Users\rohit\aparna\node_modules\.bin;C:\Users\rohit\node_modules\.bin;C:\Users\node_modules\.bin;C:\node_modules\.bin;C:\Users\rohit\AppData\Local\nvm\v20.20.2\node_modules\npm\node_modules\@npmcli\run-script\lib\node-gyp-bin;C:\Program Files\Java\jdk-17\bin;C:\Program Files\Common Files\Oracle\Java\javapath;C:\Python312\Scripts\;C:\Python312\;C:\ReactNative\hostel\.expo;C:\ProgramData\chocolatey\bin;C:\WINDOWS\system32;C:\WINDOWS;C:\WINDOWS\System32\Wbem;C:\WINDOWS\System32\WindowsPowerShell\v1.0\;C:\WINDOWS\System32\OpenSSH\;php-8.2;C:\Program Files\PuTTY\;C:\src\flutter_windows_3.24.2-stable\flutter\bin;C:\Program Files\Git\cmd;C:\Users\rohit\AppData\Local\Android\Sdk\platform-tools;C:\Users\rohit\AppData\Local\Pub\Cache\bin;C:\composer;C:\Users\rohit\AppData\Local\nvm;C:\nvm4w\nodejs;C:\Program Files\Docker\Docker\resources\bin;C:\Program Files\cursor\resources\app\bin;C:\Program Files\Java\jdk-17\bin;C:\Users\rohit\AppData\Roaming\Composer\vendor\bin;C:\ReactNative\hostel\.expo;C:\Program Files\Git\bin;C:\Users\rohit\AppData\Local\Microsoft\WindowsApps;C:\src\flutter_windows_3.24.2-stable\flutter\bin;C:\Users\rohit\AppData\Roaming\npm;C:\Users\rohit\AppData\Local\Programs\Microsoft VS Code\bin;C:\Users\rohit\AppData\Local\GitHubDesktop\bin;C:\wamp64\bin\php\php8.2.29\;C:\Users\rohit\AppData\Local\nvm;C:\nvm4w\nodejs;C:\Users\rohit\AppData\Local\Programs\cursor\resources\app\bin;c:\Users\rohit\.cursor\extensions\vscjava.vscode-java-debug-0.59.0-universal\bundled\scripts\noConfigScripts
USERNAME=rohit
LANG=en_US.UTF-8
OS=Windows_NT
PROCESSOR_IDENTIFIER=Intel64 Family 6 Model 140 Stepping 1, GenuineIntel



---------------  S Y S T E M  ---------------

OS:
 Windows 11 , 64 bit Build 26100 (10.0.26100.8875)
OS uptime: 1 days 5:12 hours
Hyper-V role detected

CPU: total 8 (initial active 8) (4 cores per cpu, 2 threads per core) family 6 model 140 stepping 1 microcode 0x86, cx8, cmov, fxsr, ht, mmx, 3dnowpref, sse, sse2, sse3, ssse3, sse4.1, sse4.2, popcnt, lzcnt, tsc, tscinvbit, avx, avx2, aes, erms, clmul, bmi1, bmi2, adx, avx512f, avx512dq, avx512cd, avx512bw, avx512vl, sha, fma, vzeroupper, avx512_vpopcntdq, avx512_vpclmulqdq, avx512_vaes, avx512_vnni, clflush, clflushopt, clwb, avx512_vbmi2, avx512_vbmi, hv

Memory: 4k page, system-wide physical 7890M (128M free)
TotalPageFile size 32466M (AvailPageFile size 144M)
current process WorkingSet (physical memory assigned to process): 473M, peak: 494M
current process commit charge ("private bytes"): 609M, peak: 872M

vm_info: Java HotSpot(TM) 64-Bit Server VM (17.0.11+7-LTS-207) for windows-amd64 JRE (17.0.11+7-LTS-207), built on Mar 11 2024 19:01:50 by "mach5one" with MS VC++ 17.6 (VS2022)

END.
